# ************************************************************
# Sequel Ace SQL dump
# Version 20062
#
# https://sequel-ace.com/
# https://github.com/Sequel-Ace/Sequel-Ace
#
# Host: qwy.fr (MySQL 5.5.5-10.5.23-MariaDB-0+deb11u1)
# Database: epreuve
# Generation Time: 2024-04-09 07:52:25 +0000
# ************************************************************


/*!40101 SET @OLD_CHARACTER_SET_CLIENT=@@CHARACTER_SET_CLIENT */;
/*!40101 SET @OLD_CHARACTER_SET_RESULTS=@@CHARACTER_SET_RESULTS */;
/*!40101 SET @OLD_COLLATION_CONNECTION=@@COLLATION_CONNECTION */;
SET NAMES utf8mb4;
/*!40014 SET @OLD_FOREIGN_KEY_CHECKS=@@FOREIGN_KEY_CHECKS, FOREIGN_KEY_CHECKS=0 */;
/*!40101 SET @OLD_SQL_MODE='NO_AUTO_VALUE_ON_ZERO', SQL_MODE='NO_AUTO_VALUE_ON_ZERO' */;
/*!40111 SET @OLD_SQL_NOTES=@@SQL_NOTES, SQL_NOTES=0 */;


# Dump of table bays
# ------------------------------------------------------------

DROP TABLE IF EXISTS `bays`;

CREATE TABLE `bays` (
  `id` bigint(20) unsigned NOT NULL AUTO_INCREMENT,
  `bay_name` char(4) NOT NULL,
  `created_at` timestamp NULL DEFAULT NULL,
  `updated_at` timestamp NULL DEFAULT NULL,
  PRIMARY KEY (`id`)
) ENGINE=InnoDB AUTO_INCREMENT=61 DEFAULT CHARSET=utf8mb4 COLLATE=utf8mb4_unicode_ci;

LOCK TABLES `bays` WRITE;
/*!40000 ALTER TABLE `bays` DISABLE KEYS */;

INSERT INTO `bays` (`id`, `bay_name`, `created_at`, `updated_at`)
VALUES
	(31,'B001','2024-04-02 19:45:35','2024-04-02 19:45:35'),
	(32,'B002','2024-04-02 19:45:36','2024-04-02 19:45:36'),
	(33,'B003','2024-04-02 19:45:36','2024-04-02 19:45:36'),
	(34,'B004','2024-04-02 19:45:36','2024-04-02 19:45:36'),
	(35,'B005','2024-04-02 19:45:36','2024-04-02 19:45:36'),
	(36,'B006','2024-04-02 19:45:36','2024-04-02 19:45:36'),
	(37,'B007','2024-04-02 19:45:36','2024-04-02 19:45:36'),
	(38,'B008','2024-04-02 19:45:36','2024-04-02 19:45:36'),
	(39,'B009','2024-04-02 19:45:36','2024-04-02 19:45:36'),
	(40,'B010','2024-04-02 19:45:37','2024-04-02 19:45:37'),
	(41,'B011','2024-04-02 19:45:37','2024-04-02 19:45:37'),
	(42,'B012','2024-04-02 19:45:37','2024-04-02 19:45:37'),
	(43,'B013','2024-04-02 19:45:37','2024-04-02 19:45:37'),
	(44,'B014','2024-04-02 19:45:37','2024-04-02 19:45:37'),
	(45,'B015','2024-04-02 19:45:37','2024-04-02 19:45:37'),
	(46,'B016','2024-04-02 19:45:38','2024-04-02 19:45:38'),
	(47,'B017','2024-04-02 19:45:38','2024-04-02 19:45:38'),
	(48,'B018','2024-04-02 19:45:38','2024-04-02 19:45:38'),
	(49,'B019','2024-04-02 19:45:38','2024-04-02 19:45:38'),
	(50,'B020','2024-04-02 19:45:38','2024-04-02 19:45:38'),
	(51,'B021','2024-04-02 19:45:38','2024-04-02 19:45:38'),
	(52,'B022','2024-04-02 19:45:38','2024-04-02 19:45:38'),
	(53,'B023','2024-04-02 19:45:38','2024-04-02 19:45:38'),
	(54,'B024','2024-04-02 19:45:39','2024-04-02 19:45:39'),
	(55,'B025','2024-04-02 19:45:39','2024-04-02 19:45:39'),
	(56,'B026','2024-04-02 19:45:39','2024-04-02 19:45:39'),
	(57,'B027','2024-04-02 19:45:39','2024-04-02 19:45:39'),
	(58,'B028','2024-04-02 19:45:39','2024-04-02 19:45:39'),
	(59,'B029','2024-04-02 19:45:39','2024-04-02 19:45:39'),
	(60,'B030','2024-04-02 19:45:39','2024-04-02 19:45:39');

/*!40000 ALTER TABLE `bays` ENABLE KEYS */;
UNLOCK TABLES;


# Dump of table failed_jobs
# ------------------------------------------------------------

DROP TABLE IF EXISTS `failed_jobs`;

CREATE TABLE `failed_jobs` (
  `id` bigint(20) unsigned NOT NULL AUTO_INCREMENT,
  `uuid` varchar(255) NOT NULL,
  `connection` text NOT NULL,
  `queue` text NOT NULL,
  `payload` longtext NOT NULL,
  `exception` longtext NOT NULL,
  `failed_at` timestamp NOT NULL DEFAULT current_timestamp(),
  PRIMARY KEY (`id`),
  UNIQUE KEY `failed_jobs_uuid_unique` (`uuid`)
) ENGINE=InnoDB DEFAULT CHARSET=utf8mb4 COLLATE=utf8mb4_unicode_ci;



# Dump of table migrations
# ------------------------------------------------------------

DROP TABLE IF EXISTS `migrations`;

CREATE TABLE `migrations` (
  `id` int(10) unsigned NOT NULL AUTO_INCREMENT,
  `migration` varchar(255) NOT NULL,
  `batch` int(11) NOT NULL,
  PRIMARY KEY (`id`)
) ENGINE=InnoDB AUTO_INCREMENT=19 DEFAULT CHARSET=utf8mb4 COLLATE=utf8mb4_unicode_ci;

LOCK TABLES `migrations` WRITE;
/*!40000 ALTER TABLE `migrations` DISABLE KEYS */;

INSERT INTO `migrations` (`id`, `migration`, `batch`)
VALUES
	(14,'2014_10_12_000000_create_users_table',1),
	(15,'2014_10_12_100000_create_password_reset_tokens_table',1),
	(16,'2019_08_19_000000_create_failed_jobs_table',1),
	(17,'2019_12_14_000001_create_personal_access_tokens_table',1),
	(18,'2024_03_10_161644_create_wt_db',1);

/*!40000 ALTER TABLE `migrations` ENABLE KEYS */;
UNLOCK TABLES;


# Dump of table offers
# ------------------------------------------------------------

DROP TABLE IF EXISTS `offers`;

CREATE TABLE `offers` (
  `id` bigint(20) unsigned NOT NULL AUTO_INCREMENT,
  `title` char(255) NOT NULL,
  `description` char(255) NOT NULL,
  `rack_qty` int(11) NOT NULL,
  `price` double(8,2) NOT NULL,
  `created_at` timestamp NULL DEFAULT NULL,
  `updated_at` timestamp NULL DEFAULT NULL,
  PRIMARY KEY (`id`)
) ENGINE=InnoDB DEFAULT CHARSET=utf8mb4 COLLATE=utf8mb4_unicode_ci;



# Dump of table orders
# ------------------------------------------------------------

DROP TABLE IF EXISTS `orders`;

CREATE TABLE `orders` (
  `id` bigint(20) unsigned NOT NULL AUTO_INCREMENT,
  `user_id` bigint(20) unsigned NOT NULL,
  `rack_id` bigint(20) unsigned NOT NULL,
  `bay_id` int(11) DEFAULT NULL,
  `price` double(8,2) NOT NULL,
  `discount` int(11) NOT NULL,
  `start_date` date NOT NULL,
  `end_date` date NOT NULL,
  `created_at` timestamp NULL DEFAULT NULL,
  `updated_at` timestamp NULL DEFAULT NULL,
  PRIMARY KEY (`id`)
) ENGINE=InnoDB AUTO_INCREMENT=46 DEFAULT CHARSET=utf8mb4 COLLATE=utf8mb4_unicode_ci;

LOCK TABLES `orders` WRITE;
/*!40000 ALTER TABLE `orders` DISABLE KEYS */;

INSERT INTO `orders` (`id`, `user_id`, `rack_id`, `bay_id`, `price`, `discount`, `start_date`, `end_date`, `created_at`, `updated_at`)
VALUES
	(1,1,1,NULL,10.00,1,'2024-04-02','2024-04-02','2024-04-02 19:13:30','2024-04-02 19:13:30'),
	(2,1,1,NULL,10.00,1,'2024-04-03','2024-04-03','2024-04-03 19:35:20','2024-04-03 19:35:20'),
	(3,1,1,NULL,10.00,1,'2024-04-06','2024-04-06','2024-04-06 20:43:51','2024-04-06 20:43:51'),
	(4,1,95,NULL,2940.00,50,'2024-04-08','2025-03-08','2024-04-08 12:32:29','2024-04-08 12:32:29'),
	(5,1,96,NULL,2940.00,50,'2024-04-08','2025-03-08','2024-04-08 12:32:29','2024-04-08 12:32:29'),
	(6,1,97,NULL,2940.00,50,'2024-04-08','2025-03-08','2024-04-08 12:32:29','2024-04-08 12:32:29'),
	(7,1,98,NULL,2940.00,50,'2024-04-08','2025-03-08','2024-04-08 12:32:30','2024-04-08 12:32:30'),
	(8,1,99,NULL,2940.00,50,'2024-04-08','2025-03-08','2024-04-08 12:32:30','2024-04-08 12:32:30'),
	(9,1,100,NULL,2940.00,50,'2024-04-08','2025-03-08','2024-04-08 12:32:30','2024-04-08 12:32:30'),
	(10,1,101,NULL,2940.00,50,'2024-04-08','2025-03-08','2024-04-08 12:32:30','2024-04-08 12:32:30'),
	(11,1,102,NULL,2940.00,50,'2024-04-08','2025-03-08','2024-04-08 12:32:30','2024-04-08 12:32:30'),
	(12,1,103,NULL,2940.00,50,'2024-04-08','2025-03-08','2024-04-08 12:32:31','2024-04-08 12:32:31'),
	(13,1,104,NULL,2940.00,50,'2024-04-08','2025-03-08','2024-04-08 12:32:31','2024-04-08 12:32:31'),
	(14,1,105,NULL,2940.00,50,'2024-04-08','2025-03-08','2024-04-08 12:32:31','2024-04-08 12:32:31'),
	(15,1,106,NULL,2940.00,50,'2024-04-08','2025-03-08','2024-04-08 12:32:31','2024-04-08 12:32:31'),
	(16,1,107,NULL,2940.00,50,'2024-04-08','2025-03-08','2024-04-08 12:32:31','2024-04-08 12:32:31'),
	(17,1,108,NULL,2940.00,50,'2024-04-08','2025-03-08','2024-04-08 12:32:32','2024-04-08 12:32:32'),
	(18,1,109,NULL,2940.00,50,'2024-04-08','2025-03-08','2024-04-08 12:32:32','2024-04-08 12:32:32'),
	(19,1,110,NULL,2940.00,50,'2024-04-08','2025-03-08','2024-04-08 12:32:32','2024-04-08 12:32:32'),
	(20,1,111,NULL,2940.00,50,'2024-04-08','2025-03-08','2024-04-08 12:32:32','2024-04-08 12:32:32'),
	(21,1,112,NULL,2940.00,50,'2024-04-08','2025-03-08','2024-04-08 12:32:32','2024-04-08 12:32:32'),
	(22,1,113,NULL,2940.00,50,'2024-04-08','2025-03-08','2024-04-08 12:32:33','2024-04-08 12:32:33'),
	(23,1,114,NULL,2940.00,50,'2024-04-08','2025-03-08','2024-04-08 12:32:33','2024-04-08 12:32:33'),
	(24,1,115,NULL,2940.00,50,'2024-04-08','2025-03-08','2024-04-08 12:32:33','2024-04-08 12:32:33'),
	(25,1,116,NULL,2940.00,50,'2024-04-08','2025-03-08','2024-04-08 12:32:33','2024-04-08 12:32:33'),
	(26,1,117,NULL,2940.00,50,'2024-04-08','2025-03-08','2024-04-08 12:32:33','2024-04-08 12:32:33'),
	(27,1,118,NULL,2940.00,50,'2024-04-08','2025-03-08','2024-04-08 12:32:33','2024-04-08 12:32:33'),
	(28,1,119,NULL,2940.00,50,'2024-04-08','2025-03-08','2024-04-08 12:32:34','2024-04-08 12:32:34'),
	(29,1,120,NULL,2940.00,50,'2024-04-08','2025-03-08','2024-04-08 12:32:34','2024-04-08 12:32:34'),
	(30,1,121,NULL,2940.00,50,'2024-04-08','2025-03-08','2024-04-08 12:32:34','2024-04-08 12:32:34'),
	(31,1,122,NULL,2940.00,50,'2024-04-08','2025-03-08','2024-04-08 12:32:34','2024-04-08 12:32:34'),
	(32,1,123,NULL,2940.00,50,'2024-04-08','2025-03-08','2024-04-08 12:32:34','2024-04-08 12:32:34'),
	(33,1,124,NULL,2940.00,50,'2024-04-08','2025-03-08','2024-04-08 12:32:35','2024-04-08 12:32:35'),
	(34,1,125,NULL,2940.00,50,'2024-04-08','2025-03-08','2024-04-08 12:32:35','2024-04-08 12:32:35'),
	(35,1,126,NULL,2940.00,50,'2024-04-08','2025-03-08','2024-04-08 12:32:35','2024-04-08 12:32:35'),
	(36,1,127,NULL,2940.00,50,'2024-04-08','2025-03-08','2024-04-08 12:32:35','2024-04-08 12:32:35'),
	(37,1,128,NULL,2940.00,50,'2024-04-08','2025-03-08','2024-04-08 12:32:35','2024-04-08 12:32:35'),
	(38,1,129,NULL,2940.00,50,'2024-04-08','2025-03-08','2024-04-08 12:32:36','2024-04-08 12:32:36'),
	(39,1,130,NULL,2940.00,50,'2024-04-08','2025-03-08','2024-04-08 12:32:36','2024-04-08 12:32:36'),
	(40,1,131,NULL,2940.00,50,'2024-04-08','2025-03-08','2024-04-08 12:32:36','2024-04-08 12:32:36'),
	(41,1,132,NULL,2940.00,50,'2024-04-08','2025-03-08','2024-04-08 12:32:36','2024-04-08 12:32:36'),
	(42,1,133,NULL,2940.00,50,'2024-04-08','2025-03-08','2024-04-08 12:32:36','2024-04-08 12:32:36'),
	(43,1,134,NULL,2940.00,50,'2024-04-08','2025-03-08','2024-04-08 12:32:37','2024-04-08 12:32:37'),
	(44,1,135,NULL,2940.00,50,'2024-04-08','2025-03-08','2024-04-08 12:32:37','2024-04-08 12:32:37'),
	(45,1,136,NULL,2940.00,50,'2024-04-08','2025-03-08','2024-04-08 12:32:37','2024-04-08 12:32:37');

/*!40000 ALTER TABLE `orders` ENABLE KEYS */;
UNLOCK TABLES;


# Dump of table password_reset_tokens
# ------------------------------------------------------------

DROP TABLE IF EXISTS `password_reset_tokens`;

CREATE TABLE `password_reset_tokens` (
  `email` varchar(255) NOT NULL,
  `token` varchar(255) NOT NULL,
  `created_at` timestamp NULL DEFAULT NULL,
  PRIMARY KEY (`email`)
) ENGINE=InnoDB DEFAULT CHARSET=utf8mb4 COLLATE=utf8mb4_unicode_ci;



# Dump of table personal_access_tokens
# ------------------------------------------------------------

DROP TABLE IF EXISTS `personal_access_tokens`;

CREATE TABLE `personal_access_tokens` (
  `id` bigint(20) unsigned NOT NULL AUTO_INCREMENT,
  `tokenable_type` varchar(255) NOT NULL,
  `tokenable_id` bigint(20) unsigned NOT NULL,
  `name` varchar(255) NOT NULL,
  `token` varchar(64) NOT NULL,
  `abilities` text DEFAULT NULL,
  `last_used_at` timestamp NULL DEFAULT NULL,
  `expires_at` timestamp NULL DEFAULT NULL,
  `created_at` timestamp NULL DEFAULT NULL,
  `updated_at` timestamp NULL DEFAULT NULL,
  PRIMARY KEY (`id`),
  UNIQUE KEY `personal_access_tokens_token_unique` (`token`),
  KEY `personal_access_tokens_tokenable_type_tokenable_id_index` (`tokenable_type`,`tokenable_id`)
) ENGINE=InnoDB DEFAULT CHARSET=utf8mb4 COLLATE=utf8mb4_unicode_ci;



# Dump of table racks
# ------------------------------------------------------------

DROP TABLE IF EXISTS `racks`;

CREATE TABLE `racks` (
  `id` bigint(20) unsigned NOT NULL AUTO_INCREMENT,
  `bay_id` bigint(20) unsigned NOT NULL,
  `rack_id` int(2) unsigned zerofill DEFAULT 00,
  `user_id` int(11) DEFAULT NULL,
  `rack_name` varchar(50) NOT NULL DEFAULT '',
  `rack_color` int(11) DEFAULT NULL,
  `end_date` datetime DEFAULT NULL,
  `created_at` timestamp NULL DEFAULT NULL,
  `updated_at` timestamp NULL DEFAULT NULL,
  PRIMARY KEY (`id`)
) ENGINE=InnoDB AUTO_INCREMENT=1261 DEFAULT CHARSET=utf8mb4 COLLATE=utf8mb4_unicode_ci;

LOCK TABLES `racks` WRITE;
/*!40000 ALTER TABLE `racks` DISABLE KEYS */;

INSERT INTO `racks` (`id`, `bay_id`, `rack_id`, `user_id`, `rack_name`, `rack_color`, `end_date`, `created_at`, `updated_at`)
VALUES
	(1,31,01,1,'',NULL,'2024-11-06 21:07:37','2024-04-06 16:20:41','2024-04-06 21:07:37'),
	(2,31,02,1,'',NULL,'2024-11-06 21:07:38','2024-04-06 16:20:41','2024-04-06 21:07:38'),
	(3,31,03,1,'',NULL,'2024-11-06 21:07:38','2024-04-06 16:20:41','2024-04-06 21:07:38'),
	(4,31,04,1,'',NULL,'2024-11-06 21:07:38','2024-04-06 16:20:41','2024-04-06 21:07:38'),
	(5,31,05,1,'',NULL,'2024-11-06 21:07:38','2024-04-06 16:20:41','2024-04-06 21:07:38'),
	(6,31,06,1,'',NULL,'2024-11-06 21:07:38','2024-04-06 16:20:41','2024-04-06 21:07:38'),
	(7,31,07,1,'',NULL,'2024-11-06 21:07:39','2024-04-06 16:20:41','2024-04-06 21:07:39'),
	(8,31,08,1,'',NULL,'2024-11-06 21:07:39','2024-04-06 16:20:42','2024-04-06 21:07:39'),
	(9,31,09,1,'',NULL,'2024-11-06 21:07:39','2024-04-06 16:20:42','2024-04-06 21:07:39'),
	(10,31,10,1,'',NULL,'2024-11-06 21:07:39','2024-04-06 16:20:42','2024-04-06 21:07:39'),
	(11,31,11,1,'',NULL,'2024-11-06 21:08:06','2024-04-06 16:20:42','2024-04-06 21:08:06'),
	(12,31,12,1,'',NULL,'2024-11-06 21:08:07','2024-04-06 16:20:42','2024-04-06 21:08:07'),
	(13,31,13,1,'',NULL,'2024-11-06 21:08:07','2024-04-06 16:20:42','2024-04-06 21:08:07'),
	(14,31,14,1,'',NULL,'2024-11-06 21:08:07','2024-04-06 16:20:42','2024-04-06 21:08:07'),
	(15,31,15,1,'',NULL,'2024-11-06 21:08:07','2024-04-06 16:20:42','2024-04-06 21:08:07'),
	(16,31,16,1,'',NULL,'2024-11-06 21:08:07','2024-04-06 16:20:42','2024-04-06 21:08:07'),
	(17,31,17,1,'',NULL,'2024-11-06 21:08:08','2024-04-06 16:20:42','2024-04-06 21:08:08'),
	(18,31,18,1,'',NULL,'2024-11-06 21:08:08','2024-04-06 16:20:42','2024-04-06 21:08:08'),
	(19,31,19,1,'',NULL,'2024-11-06 21:08:08','2024-04-06 16:20:43','2024-04-06 21:08:08'),
	(20,31,20,1,'',NULL,'2024-11-06 21:08:08','2024-04-06 16:20:43','2024-04-06 21:08:08'),
	(21,31,21,1,'',NULL,'2024-11-06 21:08:08','2024-04-06 16:20:43','2024-04-06 21:08:08'),
	(22,31,22,1,'',NULL,'2024-11-06 21:08:08','2024-04-06 16:20:43','2024-04-06 21:08:08'),
	(23,31,23,1,'',NULL,'2024-11-06 21:08:09','2024-04-06 16:20:43','2024-04-06 21:08:09'),
	(24,31,24,1,'',NULL,'2024-11-06 21:08:09','2024-04-06 16:20:43','2024-04-06 21:08:09'),
	(25,31,25,1,'',NULL,'2024-11-06 21:08:09','2024-04-06 16:20:43','2024-04-06 21:08:09'),
	(26,31,26,1,'',NULL,'2024-11-06 21:08:09','2024-04-06 16:20:43','2024-04-06 21:08:09'),
	(27,31,27,1,'',NULL,'2024-11-06 21:08:09','2024-04-06 16:20:43','2024-04-06 21:08:09'),
	(28,31,28,1,'',NULL,'2024-11-06 21:08:10','2024-04-06 16:20:43','2024-04-06 21:08:10'),
	(29,31,29,1,'',NULL,'2024-11-06 21:08:10','2024-04-06 16:20:43','2024-04-06 21:08:10'),
	(30,31,30,1,'',NULL,'2024-11-06 21:08:10','2024-04-06 16:20:44','2024-04-06 21:08:10'),
	(31,31,31,1,'',NULL,'2024-11-06 21:08:10','2024-04-06 16:20:44','2024-04-06 21:08:10'),
	(32,31,32,1,'',NULL,'2027-04-06 21:27:52','2024-04-06 16:20:44','2024-04-06 21:27:52'),
	(33,31,33,1,'',NULL,'2027-04-06 21:27:52','2024-04-06 16:20:44','2024-04-06 21:27:52'),
	(34,31,34,1,'',NULL,'2027-04-06 21:27:52','2024-04-06 16:20:44','2024-04-06 21:27:52'),
	(35,31,35,1,'',NULL,'2027-04-06 21:27:52','2024-04-06 16:20:44','2024-04-06 21:27:52'),
	(36,31,36,1,'',NULL,'2027-04-06 21:27:52','2024-04-06 16:20:44','2024-04-06 21:27:52'),
	(37,31,37,1,'',NULL,'2027-04-06 21:27:52','2024-04-06 16:20:44','2024-04-06 21:27:52'),
	(38,31,38,1,'',NULL,'2027-04-06 21:27:53','2024-04-06 16:20:44','2024-04-06 21:27:53'),
	(39,31,39,1,'',NULL,'2027-04-06 21:27:53','2024-04-06 16:20:44','2024-04-06 21:27:53'),
	(40,31,40,1,'',NULL,'2027-04-06 21:27:53','2024-04-06 16:20:44','2024-04-06 21:27:53'),
	(41,31,41,1,'',NULL,'2027-04-06 21:27:53','2024-04-06 16:20:44','2024-04-06 21:27:53'),
	(42,31,42,1,'',NULL,'2027-04-06 21:27:53','2024-04-06 16:20:45','2024-04-06 21:27:53'),
	(43,32,01,1,'',NULL,'2027-04-06 21:27:54','2024-04-06 16:20:45','2024-04-06 21:27:54'),
	(44,32,02,1,'',NULL,'2027-04-06 21:27:54','2024-04-06 16:20:45','2024-04-06 21:27:54'),
	(45,32,03,1,'',NULL,'2027-04-06 21:27:54','2024-04-06 16:20:45','2024-04-06 21:27:54'),
	(46,32,04,1,'',NULL,'2027-04-06 21:27:54','2024-04-06 16:20:45','2024-04-06 21:27:54'),
	(47,32,05,1,'',NULL,'2027-04-06 21:27:54','2024-04-06 16:20:45','2024-04-06 21:27:54'),
	(48,32,06,1,'',NULL,'2027-04-06 21:27:55','2024-04-06 16:20:45','2024-04-06 21:27:55'),
	(49,32,07,1,'',NULL,'2027-04-06 21:27:55','2024-04-06 16:20:45','2024-04-06 21:27:55'),
	(50,32,08,1,'',NULL,'2027-04-06 21:27:55','2024-04-06 16:20:45','2024-04-06 21:27:55'),
	(51,32,09,1,'',NULL,'2027-04-06 21:27:55','2024-04-06 16:20:45','2024-04-06 21:27:55'),
	(52,32,10,1,'',NULL,'2027-04-06 21:27:55','2024-04-06 16:20:46','2024-04-06 21:27:55'),
	(53,32,11,1,'',NULL,'2027-04-06 21:27:56','2024-04-06 16:20:46','2024-04-06 21:27:56'),
	(54,32,12,1,'',NULL,'2027-04-06 21:27:56','2024-04-06 16:20:46','2024-04-06 21:27:56'),
	(55,32,13,1,'',NULL,'2027-04-06 21:27:56','2024-04-06 16:20:46','2024-04-06 21:27:56'),
	(56,32,14,1,'',NULL,'2027-04-06 21:27:56','2024-04-06 16:20:46','2024-04-06 21:27:56'),
	(57,32,15,1,'',NULL,'2027-04-06 21:27:56','2024-04-06 16:20:46','2024-04-06 21:27:56'),
	(58,32,16,1,'',NULL,'2027-04-06 21:27:57','2024-04-06 16:20:46','2024-04-06 21:27:57'),
	(59,32,17,1,'',NULL,'2027-04-06 21:27:57','2024-04-06 16:20:46','2024-04-06 21:27:57'),
	(60,32,18,1,'',NULL,'2027-04-06 21:27:57','2024-04-06 16:20:46','2024-04-06 21:27:57'),
	(61,32,19,1,'',NULL,'2027-04-06 21:27:57','2024-04-06 16:20:46','2024-04-06 21:27:57'),
	(62,32,20,1,'',NULL,'2027-04-06 21:27:57','2024-04-06 16:20:46','2024-04-06 21:27:57'),
	(63,32,21,1,'',NULL,'2027-04-06 21:27:58','2024-04-06 16:20:47','2024-04-06 21:27:58'),
	(64,32,22,1,'',NULL,'2027-04-06 21:27:58','2024-04-06 16:20:47','2024-04-06 21:27:58'),
	(65,32,23,1,'',NULL,'2027-04-06 21:27:58','2024-04-06 16:20:47','2024-04-06 21:27:58'),
	(66,32,24,1,'',NULL,'2027-04-06 21:27:58','2024-04-06 16:20:47','2024-04-06 21:27:58'),
	(67,32,25,1,'',NULL,'2027-04-06 21:27:58','2024-04-06 16:20:47','2024-04-06 21:27:58'),
	(68,32,26,1,'',NULL,'2027-04-06 21:27:58','2024-04-06 16:20:47','2024-04-06 21:27:58'),
	(69,32,27,1,'',NULL,'2027-04-06 21:27:59','2024-04-06 16:20:47','2024-04-06 21:27:59'),
	(70,32,28,1,'',NULL,'2027-04-06 21:27:59','2024-04-06 16:20:47','2024-04-06 21:27:59'),
	(71,32,29,1,'',NULL,'2027-04-06 21:27:59','2024-04-06 16:20:47','2024-04-06 21:27:59'),
	(72,32,30,1,'',NULL,'2027-04-06 21:27:59','2024-04-06 16:20:47','2024-04-06 21:27:59'),
	(73,32,31,1,'',NULL,'2027-04-06 21:27:59','2024-04-06 16:20:47','2024-04-06 21:27:59'),
	(74,32,32,1,'',NULL,'2025-05-08 11:47:55','2024-04-06 16:20:48','2024-04-08 11:47:55'),
	(75,32,33,1,'',NULL,'2025-05-08 11:47:56','2024-04-06 16:20:48','2024-04-08 11:47:56'),
	(76,32,34,1,'',NULL,'2025-05-08 11:47:56','2024-04-06 16:20:48','2024-04-08 11:47:56'),
	(77,32,35,1,'',NULL,'2025-05-08 11:47:56','2024-04-06 16:20:48','2024-04-08 11:47:56'),
	(78,32,36,1,'',NULL,'2025-05-08 11:47:56','2024-04-06 16:20:48','2024-04-08 11:47:56'),
	(79,32,37,1,'',NULL,'2025-05-08 11:47:56','2024-04-06 16:20:48','2024-04-08 11:47:56'),
	(80,32,38,1,'',NULL,'2025-05-08 11:47:56','2024-04-06 16:20:48','2024-04-08 11:47:56'),
	(81,32,39,1,'',NULL,'2025-05-08 11:47:56','2024-04-06 16:20:48','2024-04-08 11:47:56'),
	(82,32,40,1,'',NULL,'2025-05-08 11:47:56','2024-04-06 16:20:48','2024-04-08 11:47:56'),
	(83,32,41,1,'',NULL,'2025-05-08 11:47:57','2024-04-06 16:20:48','2024-04-08 11:47:57'),
	(84,32,42,1,'',NULL,'2025-05-08 11:47:57','2024-04-06 16:20:48','2024-04-08 11:47:57'),
	(85,33,01,1,'',NULL,'2025-05-08 11:47:57','2024-04-06 16:20:49','2024-04-08 11:47:57'),
	(86,33,02,1,'',NULL,'2025-05-08 11:47:57','2024-04-06 16:20:49','2024-04-08 11:47:57'),
	(87,33,03,1,'',NULL,'2025-05-08 11:47:57','2024-04-06 16:20:49','2024-04-08 11:47:57'),
	(88,33,04,1,'',NULL,'2025-05-08 11:47:57','2024-04-06 16:20:49','2024-04-08 11:47:57'),
	(89,33,05,1,'',NULL,'2025-05-08 11:47:57','2024-04-06 16:20:49','2024-04-08 11:47:57'),
	(90,33,06,1,'',NULL,'2025-05-08 11:47:58','2024-04-06 16:20:49','2024-04-08 11:47:58'),
	(91,33,07,1,'',NULL,'2025-05-08 11:47:58','2024-04-06 16:20:49','2024-04-08 11:47:58'),
	(92,33,08,1,'',NULL,'2025-05-08 11:47:58','2024-04-06 16:20:49','2024-04-08 11:47:58'),
	(93,33,09,1,'',NULL,'2025-05-08 11:47:58','2024-04-06 16:20:49','2024-04-08 11:47:58'),
	(94,33,10,1,'',NULL,'2025-05-08 11:47:58','2024-04-06 16:20:49','2024-04-08 11:47:58'),
	(95,33,11,1,'',NULL,'2025-03-08 12:32:29','2024-04-06 16:20:50','2024-04-08 12:32:29'),
	(96,33,12,1,'',NULL,'2025-03-08 12:32:29','2024-04-06 16:20:50','2024-04-08 12:32:29'),
	(97,33,13,1,'',NULL,'2025-03-08 12:32:29','2024-04-06 16:20:50','2024-04-08 12:32:29'),
	(98,33,14,1,'',NULL,'2025-03-08 12:32:29','2024-04-06 16:20:50','2024-04-08 12:32:29'),
	(99,33,15,1,'',NULL,'2025-03-08 12:32:30','2024-04-06 16:20:50','2024-04-08 12:32:30'),
	(100,33,16,1,'',NULL,'2025-03-08 12:32:30','2024-04-06 16:20:50','2024-04-08 12:32:30'),
	(101,33,17,1,'',NULL,'2025-03-08 12:32:30','2024-04-06 16:20:50','2024-04-08 12:32:30'),
	(102,33,18,1,'',NULL,'2025-03-08 12:32:30','2024-04-06 16:20:50','2024-04-08 12:32:30'),
	(103,33,19,1,'',NULL,'2025-03-08 12:32:30','2024-04-06 16:20:50','2024-04-08 12:32:30'),
	(104,33,20,1,'',NULL,'2025-03-08 12:32:31','2024-04-06 16:20:50','2024-04-08 12:32:31'),
	(105,33,21,1,'',NULL,'2025-03-08 12:32:31','2024-04-06 16:20:50','2024-04-08 12:32:31'),
	(106,33,22,1,'',NULL,'2025-03-08 12:32:31','2024-04-06 16:20:51','2024-04-08 12:32:31'),
	(107,33,23,1,'',NULL,'2025-03-08 12:32:31','2024-04-06 16:20:51','2024-04-08 12:32:31'),
	(108,33,24,1,'',NULL,'2025-03-08 12:32:31','2024-04-06 16:20:51','2024-04-08 12:32:31'),
	(109,33,25,1,'',NULL,'2025-03-08 12:32:32','2024-04-06 16:20:51','2024-04-08 12:32:32'),
	(110,33,26,1,'',NULL,'2025-03-08 12:32:32','2024-04-06 16:20:51','2024-04-08 12:32:32'),
	(111,33,27,1,'',NULL,'2025-03-08 12:32:32','2024-04-06 16:20:51','2024-04-08 12:32:32'),
	(112,33,28,1,'',NULL,'2025-03-08 12:32:32','2024-04-06 16:20:51','2024-04-08 12:32:32'),
	(113,33,29,1,'',NULL,'2025-03-08 12:32:32','2024-04-06 16:20:51','2024-04-08 12:32:32'),
	(114,33,30,1,'',NULL,'2025-03-08 12:32:33','2024-04-06 16:20:51','2024-04-08 12:32:33'),
	(115,33,31,1,'',NULL,'2025-03-08 12:32:33','2024-04-06 16:20:51','2024-04-08 12:32:33'),
	(116,33,32,1,'',NULL,'2025-03-08 12:32:33','2024-04-06 16:20:51','2024-04-08 12:32:33'),
	(117,33,33,1,'',NULL,'2025-03-08 12:32:33','2024-04-06 16:20:52','2024-04-08 12:32:33'),
	(118,33,34,1,'',NULL,'2025-03-08 12:32:33','2024-04-06 16:20:52','2024-04-08 12:32:33'),
	(119,33,35,1,'',NULL,'2025-03-08 12:32:34','2024-04-06 16:20:52','2024-04-08 12:32:34'),
	(120,33,36,1,'',NULL,'2025-03-08 12:32:34','2024-04-06 16:20:52','2024-04-08 12:32:34'),
	(121,33,37,1,'',NULL,'2025-03-08 12:32:34','2024-04-06 16:20:52','2024-04-08 12:32:34'),
	(122,33,38,1,'',NULL,'2025-03-08 12:32:34','2024-04-06 16:20:52','2024-04-08 12:32:34'),
	(123,33,39,1,'',NULL,'2025-03-08 12:32:34','2024-04-06 16:20:52','2024-04-08 12:32:34'),
	(124,33,40,1,'',NULL,'2025-03-08 12:32:35','2024-04-06 16:20:52','2024-04-08 12:32:35'),
	(125,33,41,1,'',NULL,'2025-03-08 12:32:35','2024-04-06 16:20:52','2024-04-08 12:32:35'),
	(126,33,42,1,'',NULL,'2025-03-08 12:32:35','2024-04-06 16:20:52','2024-04-08 12:32:35'),
	(127,34,01,1,'',NULL,'2025-03-08 12:32:35','2024-04-06 16:20:52','2024-04-08 12:32:35'),
	(128,34,02,1,'',NULL,'2025-03-08 12:32:35','2024-04-06 16:20:53','2024-04-08 12:32:35'),
	(129,34,03,1,'',NULL,'2025-03-08 12:32:36','2024-04-06 16:20:53','2024-04-08 12:32:36'),
	(130,34,04,1,'',NULL,'2025-03-08 12:32:36','2024-04-06 16:20:53','2024-04-08 12:32:36'),
	(131,34,05,1,'',NULL,'2025-03-08 12:32:36','2024-04-06 16:20:53','2024-04-08 12:32:36'),
	(132,34,06,1,'',NULL,'2025-03-08 12:32:36','2024-04-06 16:20:53','2024-04-08 12:32:36'),
	(133,34,07,1,'',NULL,'2025-03-08 12:32:36','2024-04-06 16:20:53','2024-04-08 12:32:36'),
	(134,34,08,1,'',NULL,'2025-03-08 12:32:37','2024-04-06 16:20:53','2024-04-08 12:32:37'),
	(135,34,09,1,'',NULL,'2025-03-08 12:32:37','2024-04-06 16:20:53','2024-04-08 12:32:37'),
	(136,34,10,1,'',NULL,'2025-03-08 12:32:37','2024-04-06 16:20:53','2024-04-08 12:32:37'),
	(137,34,11,NULL,'',NULL,NULL,'2024-04-06 16:20:53','2024-04-06 16:20:53'),
	(138,34,12,NULL,'',NULL,NULL,'2024-04-06 16:20:53','2024-04-06 16:20:53'),
	(139,34,13,NULL,'',NULL,NULL,'2024-04-06 16:20:54','2024-04-06 16:20:54'),
	(140,34,14,NULL,'',NULL,NULL,'2024-04-06 16:20:54','2024-04-06 16:20:54'),
	(141,34,15,NULL,'',NULL,NULL,'2024-04-06 16:20:54','2024-04-06 16:20:54'),
	(142,34,16,NULL,'',NULL,NULL,'2024-04-06 16:20:54','2024-04-06 16:20:54'),
	(143,34,17,NULL,'',NULL,NULL,'2024-04-06 16:20:54','2024-04-06 16:20:54'),
	(144,34,18,NULL,'',NULL,NULL,'2024-04-06 16:20:54','2024-04-06 16:20:54'),
	(145,34,19,NULL,'',NULL,NULL,'2024-04-06 16:20:54','2024-04-06 16:20:54'),
	(146,34,20,NULL,'',NULL,NULL,'2024-04-06 16:20:54','2024-04-06 16:20:54'),
	(147,34,21,NULL,'',NULL,NULL,'2024-04-06 16:20:54','2024-04-06 16:20:54'),
	(148,34,22,NULL,'',NULL,NULL,'2024-04-06 16:20:54','2024-04-06 16:20:54'),
	(149,34,23,NULL,'',NULL,NULL,'2024-04-06 16:20:54','2024-04-06 16:20:54'),
	(150,34,24,NULL,'',NULL,NULL,'2024-04-06 16:20:54','2024-04-06 16:20:54'),
	(151,34,25,NULL,'',NULL,NULL,'2024-04-06 16:20:54','2024-04-06 16:20:54'),
	(152,34,26,NULL,'',NULL,NULL,'2024-04-06 16:20:55','2024-04-06 16:20:55'),
	(153,34,27,NULL,'',NULL,NULL,'2024-04-06 16:20:55','2024-04-06 16:20:55'),
	(154,34,28,NULL,'',NULL,NULL,'2024-04-06 16:20:55','2024-04-06 16:20:55'),
	(155,34,29,NULL,'',NULL,NULL,'2024-04-06 16:20:55','2024-04-06 16:20:55'),
	(156,34,30,NULL,'',NULL,NULL,'2024-04-06 16:20:55','2024-04-06 16:20:55'),
	(157,34,31,NULL,'',NULL,NULL,'2024-04-06 16:20:55','2024-04-06 16:20:55'),
	(158,34,32,NULL,'',NULL,NULL,'2024-04-06 16:20:55','2024-04-06 16:20:55'),
	(159,34,33,NULL,'',NULL,NULL,'2024-04-06 16:20:55','2024-04-06 16:20:55'),
	(160,34,34,NULL,'',NULL,NULL,'2024-04-06 16:20:55','2024-04-06 16:20:55'),
	(161,34,35,NULL,'',NULL,NULL,'2024-04-06 16:20:55','2024-04-06 16:20:55'),
	(162,34,36,NULL,'',NULL,NULL,'2024-04-06 16:20:55','2024-04-06 16:20:55'),
	(163,34,37,NULL,'',NULL,NULL,'2024-04-06 16:20:56','2024-04-06 16:20:56'),
	(164,34,38,NULL,'',NULL,NULL,'2024-04-06 16:20:56','2024-04-06 16:20:56'),
	(165,34,39,NULL,'',NULL,NULL,'2024-04-06 16:20:56','2024-04-06 16:20:56'),
	(166,34,40,NULL,'',NULL,NULL,'2024-04-06 16:20:56','2024-04-06 16:20:56'),
	(167,34,41,NULL,'',NULL,NULL,'2024-04-06 16:20:56','2024-04-06 16:20:56'),
	(168,34,42,NULL,'',NULL,NULL,'2024-04-06 16:20:56','2024-04-06 16:20:56'),
	(169,35,01,NULL,'',NULL,NULL,'2024-04-06 16:20:56','2024-04-06 16:20:56'),
	(170,35,02,NULL,'',NULL,NULL,'2024-04-06 16:20:56','2024-04-06 16:20:56'),
	(171,35,03,NULL,'',NULL,NULL,'2024-04-06 16:20:56','2024-04-06 16:20:56'),
	(172,35,04,NULL,'',NULL,NULL,'2024-04-06 16:20:56','2024-04-06 16:20:56'),
	(173,35,05,NULL,'',NULL,NULL,'2024-04-06 16:20:56','2024-04-06 16:20:56'),
	(174,35,06,NULL,'',NULL,NULL,'2024-04-06 16:20:56','2024-04-06 16:20:56'),
	(175,35,07,NULL,'',NULL,NULL,'2024-04-06 16:20:57','2024-04-06 16:20:57'),
	(176,35,08,NULL,'',NULL,NULL,'2024-04-06 16:20:57','2024-04-06 16:20:57'),
	(177,35,09,NULL,'',NULL,NULL,'2024-04-06 16:20:57','2024-04-06 16:20:57'),
	(178,35,10,NULL,'',NULL,NULL,'2024-04-06 16:20:57','2024-04-06 16:20:57'),
	(179,35,11,NULL,'',NULL,NULL,'2024-04-06 16:20:57','2024-04-06 16:20:57'),
	(180,35,12,NULL,'',NULL,NULL,'2024-04-06 16:20:57','2024-04-06 16:20:57'),
	(181,35,13,NULL,'',NULL,NULL,'2024-04-06 16:20:57','2024-04-06 16:20:57'),
	(182,35,14,NULL,'',NULL,NULL,'2024-04-06 16:20:57','2024-04-06 16:20:57'),
	(183,35,15,NULL,'',NULL,NULL,'2024-04-06 16:20:57','2024-04-06 16:20:57'),
	(184,35,16,NULL,'',NULL,NULL,'2024-04-06 16:20:57','2024-04-06 16:20:57'),
	(185,35,17,NULL,'',NULL,NULL,'2024-04-06 16:20:57','2024-04-06 16:20:57'),
	(186,35,18,NULL,'',NULL,NULL,'2024-04-06 16:20:58','2024-04-06 16:20:58'),
	(187,35,19,NULL,'',NULL,NULL,'2024-04-06 16:20:58','2024-04-06 16:20:58'),
	(188,35,20,NULL,'',NULL,NULL,'2024-04-06 16:20:58','2024-04-06 16:20:58'),
	(189,35,21,NULL,'',NULL,NULL,'2024-04-06 16:20:58','2024-04-06 16:20:58'),
	(190,35,22,NULL,'',NULL,NULL,'2024-04-06 16:20:58','2024-04-06 16:20:58'),
	(191,35,23,NULL,'',NULL,NULL,'2024-04-06 16:20:58','2024-04-06 16:20:58'),
	(192,35,24,NULL,'',NULL,NULL,'2024-04-06 16:20:58','2024-04-06 16:20:58'),
	(193,35,25,NULL,'',NULL,NULL,'2024-04-06 16:20:58','2024-04-06 16:20:58'),
	(194,35,26,NULL,'',NULL,NULL,'2024-04-06 16:20:58','2024-04-06 16:20:58'),
	(195,35,27,NULL,'',NULL,NULL,'2024-04-06 16:20:58','2024-04-06 16:20:58'),
	(196,35,28,NULL,'',NULL,NULL,'2024-04-06 16:20:58','2024-04-06 16:20:58'),
	(197,35,29,NULL,'',NULL,NULL,'2024-04-06 16:20:58','2024-04-06 16:20:58'),
	(198,35,30,NULL,'',NULL,NULL,'2024-04-06 16:20:59','2024-04-06 16:20:59'),
	(199,35,31,NULL,'',NULL,NULL,'2024-04-06 16:20:59','2024-04-06 16:20:59'),
	(200,35,32,NULL,'',NULL,NULL,'2024-04-06 16:20:59','2024-04-06 16:20:59'),
	(201,35,33,NULL,'',NULL,NULL,'2024-04-06 16:20:59','2024-04-06 16:20:59'),
	(202,35,34,NULL,'',NULL,NULL,'2024-04-06 16:20:59','2024-04-06 16:20:59'),
	(203,35,35,NULL,'',NULL,NULL,'2024-04-06 16:20:59','2024-04-06 16:20:59'),
	(204,35,36,NULL,'',NULL,NULL,'2024-04-06 16:20:59','2024-04-06 16:20:59'),
	(205,35,37,NULL,'',NULL,NULL,'2024-04-06 16:20:59','2024-04-06 16:20:59'),
	(206,35,38,NULL,'',NULL,NULL,'2024-04-06 16:20:59','2024-04-06 16:20:59'),
	(207,35,39,NULL,'',NULL,NULL,'2024-04-06 16:20:59','2024-04-06 16:20:59'),
	(208,35,40,NULL,'',NULL,NULL,'2024-04-06 16:20:59','2024-04-06 16:20:59'),
	(209,35,41,NULL,'',NULL,NULL,'2024-04-06 16:20:59','2024-04-06 16:20:59'),
	(210,35,42,NULL,'',NULL,NULL,'2024-04-06 16:21:00','2024-04-06 16:21:00'),
	(211,36,01,NULL,'',NULL,NULL,'2024-04-06 16:21:00','2024-04-06 16:21:00'),
	(212,36,02,NULL,'',NULL,NULL,'2024-04-06 16:21:00','2024-04-06 16:21:00'),
	(213,36,03,NULL,'',NULL,NULL,'2024-04-06 16:21:00','2024-04-06 16:21:00'),
	(214,36,04,NULL,'',NULL,NULL,'2024-04-06 16:21:00','2024-04-06 16:21:00'),
	(215,36,05,NULL,'',NULL,NULL,'2024-04-06 16:21:00','2024-04-06 16:21:00'),
	(216,36,06,NULL,'',NULL,NULL,'2024-04-06 16:21:00','2024-04-06 16:21:00'),
	(217,36,07,NULL,'',NULL,NULL,'2024-04-06 16:21:00','2024-04-06 16:21:00'),
	(218,36,08,NULL,'',NULL,NULL,'2024-04-06 16:21:00','2024-04-06 16:21:00'),
	(219,36,09,NULL,'',NULL,NULL,'2024-04-06 16:21:00','2024-04-06 16:21:00'),
	(220,36,10,NULL,'',NULL,NULL,'2024-04-06 16:21:01','2024-04-06 16:21:01'),
	(221,36,11,NULL,'',NULL,NULL,'2024-04-06 16:21:01','2024-04-06 16:21:01'),
	(222,36,12,NULL,'',NULL,NULL,'2024-04-06 16:21:01','2024-04-06 16:21:01'),
	(223,36,13,NULL,'',NULL,NULL,'2024-04-06 16:21:01','2024-04-06 16:21:01'),
	(224,36,14,NULL,'',NULL,NULL,'2024-04-06 16:21:01','2024-04-06 16:21:01'),
	(225,36,15,NULL,'',NULL,NULL,'2024-04-06 16:21:01','2024-04-06 16:21:01'),
	(226,36,16,NULL,'',NULL,NULL,'2024-04-06 16:21:01','2024-04-06 16:21:01'),
	(227,36,17,NULL,'',NULL,NULL,'2024-04-06 16:21:01','2024-04-06 16:21:01'),
	(228,36,18,NULL,'',NULL,NULL,'2024-04-06 16:21:01','2024-04-06 16:21:01'),
	(229,36,19,NULL,'',NULL,NULL,'2024-04-06 16:21:01','2024-04-06 16:21:01'),
	(230,36,20,NULL,'',NULL,NULL,'2024-04-06 16:21:01','2024-04-06 16:21:01'),
	(231,36,21,NULL,'',NULL,NULL,'2024-04-06 16:21:02','2024-04-06 16:21:02'),
	(232,36,22,NULL,'',NULL,NULL,'2024-04-06 16:21:02','2024-04-06 16:21:02'),
	(233,36,23,NULL,'',NULL,NULL,'2024-04-06 16:21:02','2024-04-06 16:21:02'),
	(234,36,24,NULL,'',NULL,NULL,'2024-04-06 16:21:02','2024-04-06 16:21:02'),
	(235,36,25,NULL,'',NULL,NULL,'2024-04-06 16:21:02','2024-04-06 16:21:02'),
	(236,36,26,NULL,'',NULL,NULL,'2024-04-06 16:21:02','2024-04-06 16:21:02'),
	(237,36,27,NULL,'',NULL,NULL,'2024-04-06 16:21:02','2024-04-06 16:21:02'),
	(238,36,28,NULL,'',NULL,NULL,'2024-04-06 16:21:02','2024-04-06 16:21:02'),
	(239,36,29,NULL,'',NULL,NULL,'2024-04-06 16:21:02','2024-04-06 16:21:02'),
	(240,36,30,NULL,'',NULL,NULL,'2024-04-06 16:21:02','2024-04-06 16:21:02'),
	(241,36,31,NULL,'',NULL,NULL,'2024-04-06 16:21:03','2024-04-06 16:21:03'),
	(242,36,32,NULL,'',NULL,NULL,'2024-04-06 16:21:03','2024-04-06 16:21:03'),
	(243,36,33,NULL,'',NULL,NULL,'2024-04-06 16:21:03','2024-04-06 16:21:03'),
	(244,36,34,NULL,'',NULL,NULL,'2024-04-06 16:21:03','2024-04-06 16:21:03'),
	(245,36,35,NULL,'',NULL,NULL,'2024-04-06 16:21:03','2024-04-06 16:21:03'),
	(246,36,36,NULL,'',NULL,NULL,'2024-04-06 16:21:03','2024-04-06 16:21:03'),
	(247,36,37,NULL,'',NULL,NULL,'2024-04-06 16:21:03','2024-04-06 16:21:03'),
	(248,36,38,NULL,'',NULL,NULL,'2024-04-06 16:21:03','2024-04-06 16:21:03'),
	(249,36,39,NULL,'',NULL,NULL,'2024-04-06 16:21:03','2024-04-06 16:21:03'),
	(250,36,40,NULL,'',NULL,NULL,'2024-04-06 16:21:04','2024-04-06 16:21:04'),
	(251,36,41,NULL,'',NULL,NULL,'2024-04-06 16:21:04','2024-04-06 16:21:04'),
	(252,36,42,NULL,'',NULL,NULL,'2024-04-06 16:21:04','2024-04-06 16:21:04'),
	(253,37,01,NULL,'',NULL,NULL,'2024-04-06 16:21:04','2024-04-06 16:21:04'),
	(254,37,02,NULL,'',NULL,NULL,'2024-04-06 16:21:04','2024-04-06 16:21:04'),
	(255,37,03,NULL,'',NULL,NULL,'2024-04-06 16:21:04','2024-04-06 16:21:04'),
	(256,37,04,NULL,'',NULL,NULL,'2024-04-06 16:21:04','2024-04-06 16:21:04'),
	(257,37,05,NULL,'',NULL,NULL,'2024-04-06 16:21:04','2024-04-06 16:21:04'),
	(258,37,06,NULL,'',NULL,NULL,'2024-04-06 16:21:04','2024-04-06 16:21:04'),
	(259,37,07,NULL,'',NULL,NULL,'2024-04-06 16:21:04','2024-04-06 16:21:04'),
	(260,37,08,NULL,'',NULL,NULL,'2024-04-06 16:21:04','2024-04-06 16:21:04'),
	(261,37,09,NULL,'',NULL,NULL,'2024-04-06 16:21:05','2024-04-06 16:21:05'),
	(262,37,10,NULL,'',NULL,NULL,'2024-04-06 16:21:05','2024-04-06 16:21:05'),
	(263,37,11,NULL,'',NULL,NULL,'2024-04-06 16:21:05','2024-04-06 16:21:05'),
	(264,37,12,NULL,'',NULL,NULL,'2024-04-06 16:21:05','2024-04-06 16:21:05'),
	(265,37,13,NULL,'',NULL,NULL,'2024-04-06 16:21:05','2024-04-06 16:21:05'),
	(266,37,14,NULL,'',NULL,NULL,'2024-04-06 16:21:05','2024-04-06 16:21:05'),
	(267,37,15,NULL,'',NULL,NULL,'2024-04-06 16:21:05','2024-04-06 16:21:05'),
	(268,37,16,NULL,'',NULL,NULL,'2024-04-06 16:21:05','2024-04-06 16:21:05'),
	(269,37,17,NULL,'',NULL,NULL,'2024-04-06 16:21:06','2024-04-06 16:21:06'),
	(270,37,18,NULL,'',NULL,NULL,'2024-04-06 16:21:06','2024-04-06 16:21:06'),
	(271,37,19,NULL,'',NULL,NULL,'2024-04-06 16:21:06','2024-04-06 16:21:06'),
	(272,37,20,NULL,'',NULL,NULL,'2024-04-06 16:21:06','2024-04-06 16:21:06'),
	(273,37,21,NULL,'',NULL,NULL,'2024-04-06 16:21:06','2024-04-06 16:21:06'),
	(274,37,22,NULL,'',NULL,NULL,'2024-04-06 16:21:06','2024-04-06 16:21:06'),
	(275,37,23,NULL,'',NULL,NULL,'2024-04-06 16:21:06','2024-04-06 16:21:06'),
	(276,37,24,NULL,'',NULL,NULL,'2024-04-06 16:21:06','2024-04-06 16:21:06'),
	(277,37,25,NULL,'',NULL,NULL,'2024-04-06 16:21:06','2024-04-06 16:21:06'),
	(278,37,26,NULL,'',NULL,NULL,'2024-04-06 16:21:06','2024-04-06 16:21:06'),
	(279,37,27,NULL,'',NULL,NULL,'2024-04-06 16:21:07','2024-04-06 16:21:07'),
	(280,37,28,NULL,'',NULL,NULL,'2024-04-06 16:21:07','2024-04-06 16:21:07'),
	(281,37,29,NULL,'',NULL,NULL,'2024-04-06 16:21:07','2024-04-06 16:21:07'),
	(282,37,30,NULL,'',NULL,NULL,'2024-04-06 16:21:07','2024-04-06 16:21:07'),
	(283,37,31,NULL,'',NULL,NULL,'2024-04-06 16:21:07','2024-04-06 16:21:07'),
	(284,37,32,NULL,'',NULL,NULL,'2024-04-06 16:21:07','2024-04-06 16:21:07'),
	(285,37,33,NULL,'',NULL,NULL,'2024-04-06 16:21:07','2024-04-06 16:21:07'),
	(286,37,34,NULL,'',NULL,NULL,'2024-04-06 16:21:07','2024-04-06 16:21:07'),
	(287,37,35,NULL,'',NULL,NULL,'2024-04-06 16:21:07','2024-04-06 16:21:07'),
	(288,37,36,NULL,'',NULL,NULL,'2024-04-06 16:21:07','2024-04-06 16:21:07'),
	(289,37,37,NULL,'',NULL,NULL,'2024-04-06 16:21:07','2024-04-06 16:21:07'),
	(290,37,38,NULL,'',NULL,NULL,'2024-04-06 16:21:07','2024-04-06 16:21:07'),
	(291,37,39,NULL,'',NULL,NULL,'2024-04-06 16:21:08','2024-04-06 16:21:08'),
	(292,37,40,NULL,'',NULL,NULL,'2024-04-06 16:21:08','2024-04-06 16:21:08'),
	(293,37,41,NULL,'',NULL,NULL,'2024-04-06 16:21:08','2024-04-06 16:21:08'),
	(294,37,42,NULL,'',NULL,NULL,'2024-04-06 16:21:08','2024-04-06 16:21:08'),
	(295,38,01,NULL,'',NULL,NULL,'2024-04-06 16:21:08','2024-04-06 16:21:08'),
	(296,38,02,NULL,'',NULL,NULL,'2024-04-06 16:21:08','2024-04-06 16:21:08'),
	(297,38,03,NULL,'',NULL,NULL,'2024-04-06 16:21:08','2024-04-06 16:21:08'),
	(298,38,04,NULL,'',NULL,NULL,'2024-04-06 16:21:08','2024-04-06 16:21:08'),
	(299,38,05,NULL,'',NULL,NULL,'2024-04-06 16:21:08','2024-04-06 16:21:08'),
	(300,38,06,NULL,'',NULL,NULL,'2024-04-06 16:21:08','2024-04-06 16:21:08'),
	(301,38,07,NULL,'',NULL,NULL,'2024-04-06 16:21:09','2024-04-06 16:21:09'),
	(302,38,08,NULL,'',NULL,NULL,'2024-04-06 16:21:09','2024-04-06 16:21:09'),
	(303,38,09,NULL,'',NULL,NULL,'2024-04-06 16:21:09','2024-04-06 16:21:09'),
	(304,38,10,NULL,'',NULL,NULL,'2024-04-06 16:21:09','2024-04-06 16:21:09'),
	(305,38,11,NULL,'',NULL,NULL,'2024-04-06 16:21:09','2024-04-06 16:21:09'),
	(306,38,12,NULL,'',NULL,NULL,'2024-04-06 16:21:09','2024-04-06 16:21:09'),
	(307,38,13,NULL,'',NULL,NULL,'2024-04-06 16:21:09','2024-04-06 16:21:09'),
	(308,38,14,NULL,'',NULL,NULL,'2024-04-06 16:21:09','2024-04-06 16:21:09'),
	(309,38,15,NULL,'',NULL,NULL,'2024-04-06 16:21:09','2024-04-06 16:21:09'),
	(310,38,16,NULL,'',NULL,NULL,'2024-04-06 16:21:09','2024-04-06 16:21:09'),
	(311,38,17,NULL,'',NULL,NULL,'2024-04-06 16:21:09','2024-04-06 16:21:09'),
	(312,38,18,NULL,'',NULL,NULL,'2024-04-06 16:21:10','2024-04-06 16:21:10'),
	(313,38,19,NULL,'',NULL,NULL,'2024-04-06 16:21:10','2024-04-06 16:21:10'),
	(314,38,20,NULL,'',NULL,NULL,'2024-04-06 16:21:10','2024-04-06 16:21:10'),
	(315,38,21,NULL,'',NULL,NULL,'2024-04-06 16:21:10','2024-04-06 16:21:10'),
	(316,38,22,NULL,'',NULL,NULL,'2024-04-06 16:21:10','2024-04-06 16:21:10'),
	(317,38,23,NULL,'',NULL,NULL,'2024-04-06 16:21:10','2024-04-06 16:21:10'),
	(318,38,24,NULL,'',NULL,NULL,'2024-04-06 16:21:10','2024-04-06 16:21:10'),
	(319,38,25,NULL,'',NULL,NULL,'2024-04-06 16:21:10','2024-04-06 16:21:10'),
	(320,38,26,NULL,'',NULL,NULL,'2024-04-06 16:21:10','2024-04-06 16:21:10'),
	(321,38,27,NULL,'',NULL,NULL,'2024-04-06 16:21:10','2024-04-06 16:21:10'),
	(322,38,28,NULL,'',NULL,NULL,'2024-04-06 16:21:11','2024-04-06 16:21:11'),
	(323,38,29,NULL,'',NULL,NULL,'2024-04-06 16:21:11','2024-04-06 16:21:11'),
	(324,38,30,NULL,'',NULL,NULL,'2024-04-06 16:21:11','2024-04-06 16:21:11'),
	(325,38,31,NULL,'',NULL,NULL,'2024-04-06 16:21:11','2024-04-06 16:21:11'),
	(326,38,32,NULL,'',NULL,NULL,'2024-04-06 16:21:11','2024-04-06 16:21:11'),
	(327,38,33,NULL,'',NULL,NULL,'2024-04-06 16:21:11','2024-04-06 16:21:11'),
	(328,38,34,NULL,'',NULL,NULL,'2024-04-06 16:21:11','2024-04-06 16:21:11'),
	(329,38,35,NULL,'',NULL,NULL,'2024-04-06 16:21:11','2024-04-06 16:21:11'),
	(330,38,36,NULL,'',NULL,NULL,'2024-04-06 16:21:11','2024-04-06 16:21:11'),
	(331,38,37,NULL,'',NULL,NULL,'2024-04-06 16:21:11','2024-04-06 16:21:11'),
	(332,38,38,NULL,'',NULL,NULL,'2024-04-06 16:21:12','2024-04-06 16:21:12'),
	(333,38,39,NULL,'',NULL,NULL,'2024-04-06 16:21:12','2024-04-06 16:21:12'),
	(334,38,40,NULL,'',NULL,NULL,'2024-04-06 16:21:12','2024-04-06 16:21:12'),
	(335,38,41,NULL,'',NULL,NULL,'2024-04-06 16:21:12','2024-04-06 16:21:12'),
	(336,38,42,NULL,'',NULL,NULL,'2024-04-06 16:21:12','2024-04-06 16:21:12'),
	(337,39,01,NULL,'',NULL,NULL,'2024-04-06 16:21:12','2024-04-06 16:21:12'),
	(338,39,02,NULL,'',NULL,NULL,'2024-04-06 16:21:12','2024-04-06 16:21:12'),
	(339,39,03,NULL,'',NULL,NULL,'2024-04-06 16:21:12','2024-04-06 16:21:12'),
	(340,39,04,NULL,'',NULL,NULL,'2024-04-06 16:21:12','2024-04-06 16:21:12'),
	(341,39,05,NULL,'',NULL,NULL,'2024-04-06 16:21:12','2024-04-06 16:21:12'),
	(342,39,06,NULL,'',NULL,NULL,'2024-04-06 16:21:12','2024-04-06 16:21:12'),
	(343,39,07,NULL,'',NULL,NULL,'2024-04-06 16:21:13','2024-04-06 16:21:13'),
	(344,39,08,NULL,'',NULL,NULL,'2024-04-06 16:21:13','2024-04-06 16:21:13'),
	(345,39,09,NULL,'',NULL,NULL,'2024-04-06 16:21:13','2024-04-06 16:21:13'),
	(346,39,10,NULL,'',NULL,NULL,'2024-04-06 16:21:13','2024-04-06 16:21:13'),
	(347,39,11,NULL,'',NULL,NULL,'2024-04-06 16:21:13','2024-04-06 16:21:13'),
	(348,39,12,NULL,'',NULL,NULL,'2024-04-06 16:21:13','2024-04-06 16:21:13'),
	(349,39,13,NULL,'',NULL,NULL,'2024-04-06 16:21:13','2024-04-06 16:21:13'),
	(350,39,14,NULL,'',NULL,NULL,'2024-04-06 16:21:13','2024-04-06 16:21:13'),
	(351,39,15,NULL,'',NULL,NULL,'2024-04-06 16:21:13','2024-04-06 16:21:13'),
	(352,39,16,NULL,'',NULL,NULL,'2024-04-06 16:21:14','2024-04-06 16:21:14'),
	(353,39,17,NULL,'',NULL,NULL,'2024-04-06 16:21:14','2024-04-06 16:21:14'),
	(354,39,18,NULL,'',NULL,NULL,'2024-04-06 16:21:14','2024-04-06 16:21:14'),
	(355,39,19,NULL,'',NULL,NULL,'2024-04-06 16:21:14','2024-04-06 16:21:14'),
	(356,39,20,NULL,'',NULL,NULL,'2024-04-06 16:21:14','2024-04-06 16:21:14'),
	(357,39,21,NULL,'',NULL,NULL,'2024-04-06 16:21:15','2024-04-06 16:21:15'),
	(358,39,22,NULL,'',NULL,NULL,'2024-04-06 16:21:15','2024-04-06 16:21:15'),
	(359,39,23,NULL,'',NULL,NULL,'2024-04-06 16:21:15','2024-04-06 16:21:15'),
	(360,39,24,NULL,'',NULL,NULL,'2024-04-06 16:21:15','2024-04-06 16:21:15'),
	(361,39,25,NULL,'',NULL,NULL,'2024-04-06 16:21:15','2024-04-06 16:21:15'),
	(362,39,26,NULL,'',NULL,NULL,'2024-04-06 16:21:15','2024-04-06 16:21:15'),
	(363,39,27,NULL,'',NULL,NULL,'2024-04-06 16:21:15','2024-04-06 16:21:15'),
	(364,39,28,NULL,'',NULL,NULL,'2024-04-06 16:21:15','2024-04-06 16:21:15'),
	(365,39,29,NULL,'',NULL,NULL,'2024-04-06 16:21:15','2024-04-06 16:21:15'),
	(366,39,30,NULL,'',NULL,NULL,'2024-04-06 16:21:15','2024-04-06 16:21:15'),
	(367,39,31,NULL,'',NULL,NULL,'2024-04-06 16:21:15','2024-04-06 16:21:15'),
	(368,39,32,NULL,'',NULL,NULL,'2024-04-06 16:21:15','2024-04-06 16:21:15'),
	(369,39,33,NULL,'',NULL,NULL,'2024-04-06 16:21:16','2024-04-06 16:21:16'),
	(370,39,34,NULL,'',NULL,NULL,'2024-04-06 16:21:16','2024-04-06 16:21:16'),
	(371,39,35,NULL,'',NULL,NULL,'2024-04-06 16:21:16','2024-04-06 16:21:16'),
	(372,39,36,NULL,'',NULL,NULL,'2024-04-06 16:21:16','2024-04-06 16:21:16'),
	(373,39,37,NULL,'',NULL,NULL,'2024-04-06 16:21:16','2024-04-06 16:21:16'),
	(374,39,38,NULL,'',NULL,NULL,'2024-04-06 16:21:16','2024-04-06 16:21:16'),
	(375,39,39,NULL,'',NULL,NULL,'2024-04-06 16:21:16','2024-04-06 16:21:16'),
	(376,39,40,NULL,'',NULL,NULL,'2024-04-06 16:21:16','2024-04-06 16:21:16'),
	(377,39,41,NULL,'',NULL,NULL,'2024-04-06 16:21:16','2024-04-06 16:21:16'),
	(378,39,42,NULL,'',NULL,NULL,'2024-04-06 16:21:16','2024-04-06 16:21:16'),
	(379,40,01,NULL,'',NULL,NULL,'2024-04-06 16:21:16','2024-04-06 16:21:16'),
	(380,40,02,NULL,'',NULL,NULL,'2024-04-06 16:21:17','2024-04-06 16:21:17'),
	(381,40,03,NULL,'',NULL,NULL,'2024-04-06 16:21:17','2024-04-06 16:21:17'),
	(382,40,04,NULL,'',NULL,NULL,'2024-04-06 16:21:17','2024-04-06 16:21:17'),
	(383,40,05,NULL,'',NULL,NULL,'2024-04-06 16:21:17','2024-04-06 16:21:17'),
	(384,40,06,NULL,'',NULL,NULL,'2024-04-06 16:21:17','2024-04-06 16:21:17'),
	(385,40,07,NULL,'',NULL,NULL,'2024-04-06 16:21:17','2024-04-06 16:21:17'),
	(386,40,08,NULL,'',NULL,NULL,'2024-04-06 16:21:17','2024-04-06 16:21:17'),
	(387,40,09,NULL,'',NULL,NULL,'2024-04-06 16:21:17','2024-04-06 16:21:17'),
	(388,40,10,NULL,'',NULL,NULL,'2024-04-06 16:21:17','2024-04-06 16:21:17'),
	(389,40,11,NULL,'',NULL,NULL,'2024-04-06 16:21:17','2024-04-06 16:21:17'),
	(390,40,12,NULL,'',NULL,NULL,'2024-04-06 16:21:17','2024-04-06 16:21:17'),
	(391,40,13,NULL,'',NULL,NULL,'2024-04-06 16:21:17','2024-04-06 16:21:17'),
	(392,40,14,NULL,'',NULL,NULL,'2024-04-06 16:21:18','2024-04-06 16:21:18'),
	(393,40,15,NULL,'',NULL,NULL,'2024-04-06 16:21:18','2024-04-06 16:21:18'),
	(394,40,16,NULL,'',NULL,NULL,'2024-04-06 16:21:18','2024-04-06 16:21:18'),
	(395,40,17,NULL,'',NULL,NULL,'2024-04-06 16:21:18','2024-04-06 16:21:18'),
	(396,40,18,NULL,'',NULL,NULL,'2024-04-06 16:21:18','2024-04-06 16:21:18'),
	(397,40,19,NULL,'',NULL,NULL,'2024-04-06 16:21:18','2024-04-06 16:21:18'),
	(398,40,20,NULL,'',NULL,NULL,'2024-04-06 16:21:18','2024-04-06 16:21:18'),
	(399,40,21,NULL,'',NULL,NULL,'2024-04-06 16:21:18','2024-04-06 16:21:18'),
	(400,40,22,NULL,'',NULL,NULL,'2024-04-06 16:21:18','2024-04-06 16:21:18'),
	(401,40,23,NULL,'',NULL,NULL,'2024-04-06 16:21:18','2024-04-06 16:21:18'),
	(402,40,24,NULL,'',NULL,NULL,'2024-04-06 16:21:18','2024-04-06 16:21:18'),
	(403,40,25,NULL,'',NULL,NULL,'2024-04-06 16:21:19','2024-04-06 16:21:19'),
	(404,40,26,NULL,'',NULL,NULL,'2024-04-06 16:21:19','2024-04-06 16:21:19'),
	(405,40,27,NULL,'',NULL,NULL,'2024-04-06 16:21:19','2024-04-06 16:21:19'),
	(406,40,28,NULL,'',NULL,NULL,'2024-04-06 16:21:19','2024-04-06 16:21:19'),
	(407,40,29,NULL,'',NULL,NULL,'2024-04-06 16:21:19','2024-04-06 16:21:19'),
	(408,40,30,NULL,'',NULL,NULL,'2024-04-06 16:21:19','2024-04-06 16:21:19'),
	(409,40,31,NULL,'',NULL,NULL,'2024-04-06 16:21:19','2024-04-06 16:21:19'),
	(410,40,32,NULL,'',NULL,NULL,'2024-04-06 16:21:19','2024-04-06 16:21:19'),
	(411,40,33,NULL,'',NULL,NULL,'2024-04-06 16:21:19','2024-04-06 16:21:19'),
	(412,40,34,NULL,'',NULL,NULL,'2024-04-06 16:21:19','2024-04-06 16:21:19'),
	(413,40,35,NULL,'',NULL,NULL,'2024-04-06 16:21:20','2024-04-06 16:21:20'),
	(414,40,36,NULL,'',NULL,NULL,'2024-04-06 16:21:20','2024-04-06 16:21:20'),
	(415,40,37,NULL,'',NULL,NULL,'2024-04-06 16:21:20','2024-04-06 16:21:20'),
	(416,40,38,NULL,'',NULL,NULL,'2024-04-06 16:21:20','2024-04-06 16:21:20'),
	(417,40,39,NULL,'',NULL,NULL,'2024-04-06 16:21:20','2024-04-06 16:21:20'),
	(418,40,40,NULL,'',NULL,NULL,'2024-04-06 16:21:20','2024-04-06 16:21:20'),
	(419,40,41,NULL,'',NULL,NULL,'2024-04-06 16:21:20','2024-04-06 16:21:20'),
	(420,40,42,NULL,'',NULL,NULL,'2024-04-06 16:21:20','2024-04-06 16:21:20'),
	(421,41,01,NULL,'',NULL,NULL,'2024-04-06 16:21:20','2024-04-06 16:21:20'),
	(422,41,02,NULL,'',NULL,NULL,'2024-04-06 16:21:20','2024-04-06 16:21:20'),
	(423,41,03,NULL,'',NULL,NULL,'2024-04-06 16:21:20','2024-04-06 16:21:20'),
	(424,41,04,NULL,'',NULL,NULL,'2024-04-06 16:21:20','2024-04-06 16:21:20'),
	(425,41,05,NULL,'',NULL,NULL,'2024-04-06 16:21:21','2024-04-06 16:21:21'),
	(426,41,06,NULL,'',NULL,NULL,'2024-04-06 16:21:21','2024-04-06 16:21:21'),
	(427,41,07,NULL,'',NULL,NULL,'2024-04-06 16:21:21','2024-04-06 16:21:21'),
	(428,41,08,NULL,'',NULL,NULL,'2024-04-06 16:21:21','2024-04-06 16:21:21'),
	(429,41,09,NULL,'',NULL,NULL,'2024-04-06 16:21:21','2024-04-06 16:21:21'),
	(430,41,10,NULL,'',NULL,NULL,'2024-04-06 16:21:21','2024-04-06 16:21:21'),
	(431,41,11,NULL,'',NULL,NULL,'2024-04-06 16:21:21','2024-04-06 16:21:21'),
	(432,41,12,NULL,'',NULL,NULL,'2024-04-06 16:21:21','2024-04-06 16:21:21'),
	(433,41,13,NULL,'',NULL,NULL,'2024-04-06 16:21:21','2024-04-06 16:21:21'),
	(434,41,14,NULL,'',NULL,NULL,'2024-04-06 16:21:21','2024-04-06 16:21:21'),
	(435,41,15,NULL,'',NULL,NULL,'2024-04-06 16:21:21','2024-04-06 16:21:21'),
	(436,41,16,NULL,'',NULL,NULL,'2024-04-06 16:21:22','2024-04-06 16:21:22'),
	(437,41,17,NULL,'',NULL,NULL,'2024-04-06 16:21:22','2024-04-06 16:21:22'),
	(438,41,18,NULL,'',NULL,NULL,'2024-04-06 16:21:22','2024-04-06 16:21:22'),
	(439,41,19,NULL,'',NULL,NULL,'2024-04-06 16:21:22','2024-04-06 16:21:22'),
	(440,41,20,NULL,'',NULL,NULL,'2024-04-06 16:21:22','2024-04-06 16:21:22'),
	(441,41,21,NULL,'',NULL,NULL,'2024-04-06 16:21:22','2024-04-06 16:21:22'),
	(442,41,22,NULL,'',NULL,NULL,'2024-04-06 16:21:22','2024-04-06 16:21:22'),
	(443,41,23,NULL,'',NULL,NULL,'2024-04-06 16:21:22','2024-04-06 16:21:22'),
	(444,41,24,NULL,'',NULL,NULL,'2024-04-06 16:21:22','2024-04-06 16:21:22'),
	(445,41,25,NULL,'',NULL,NULL,'2024-04-06 16:21:22','2024-04-06 16:21:22'),
	(446,41,26,NULL,'',NULL,NULL,'2024-04-06 16:21:22','2024-04-06 16:21:22'),
	(447,41,27,NULL,'',NULL,NULL,'2024-04-06 16:21:23','2024-04-06 16:21:23'),
	(448,41,28,NULL,'',NULL,NULL,'2024-04-06 16:21:23','2024-04-06 16:21:23'),
	(449,41,29,NULL,'',NULL,NULL,'2024-04-06 16:21:23','2024-04-06 16:21:23'),
	(450,41,30,NULL,'',NULL,NULL,'2024-04-06 16:21:23','2024-04-06 16:21:23'),
	(451,41,31,NULL,'',NULL,NULL,'2024-04-06 16:21:23','2024-04-06 16:21:23'),
	(452,41,32,NULL,'',NULL,NULL,'2024-04-06 16:21:23','2024-04-06 16:21:23'),
	(453,41,33,NULL,'',NULL,NULL,'2024-04-06 16:21:23','2024-04-06 16:21:23'),
	(454,41,34,NULL,'',NULL,NULL,'2024-04-06 16:21:23','2024-04-06 16:21:23'),
	(455,41,35,NULL,'',NULL,NULL,'2024-04-06 16:21:23','2024-04-06 16:21:23'),
	(456,41,36,NULL,'',NULL,NULL,'2024-04-06 16:21:23','2024-04-06 16:21:23'),
	(457,41,37,NULL,'',NULL,NULL,'2024-04-06 16:21:23','2024-04-06 16:21:23'),
	(458,41,38,NULL,'',NULL,NULL,'2024-04-06 16:21:23','2024-04-06 16:21:23'),
	(459,41,39,NULL,'',NULL,NULL,'2024-04-06 16:21:24','2024-04-06 16:21:24'),
	(460,41,40,NULL,'',NULL,NULL,'2024-04-06 16:21:24','2024-04-06 16:21:24'),
	(461,41,41,NULL,'',NULL,NULL,'2024-04-06 16:21:24','2024-04-06 16:21:24'),
	(462,41,42,NULL,'',NULL,NULL,'2024-04-06 16:21:24','2024-04-06 16:21:24'),
	(463,42,01,NULL,'',NULL,NULL,'2024-04-06 16:21:24','2024-04-06 16:21:24'),
	(464,42,02,NULL,'',NULL,NULL,'2024-04-06 16:21:24','2024-04-06 16:21:24'),
	(465,42,03,NULL,'',NULL,NULL,'2024-04-06 16:21:24','2024-04-06 16:21:24'),
	(466,42,04,NULL,'',NULL,NULL,'2024-04-06 16:21:24','2024-04-06 16:21:24'),
	(467,42,05,NULL,'',NULL,NULL,'2024-04-06 16:21:24','2024-04-06 16:21:24'),
	(468,42,06,NULL,'',NULL,NULL,'2024-04-06 16:21:24','2024-04-06 16:21:24'),
	(469,42,07,NULL,'',NULL,NULL,'2024-04-06 16:21:24','2024-04-06 16:21:24'),
	(470,42,08,NULL,'',NULL,NULL,'2024-04-06 16:21:24','2024-04-06 16:21:24'),
	(471,42,09,NULL,'',NULL,NULL,'2024-04-06 16:21:25','2024-04-06 16:21:25'),
	(472,42,10,NULL,'',NULL,NULL,'2024-04-06 16:21:25','2024-04-06 16:21:25'),
	(473,42,11,NULL,'',NULL,NULL,'2024-04-06 16:21:25','2024-04-06 16:21:25'),
	(474,42,12,NULL,'',NULL,NULL,'2024-04-06 16:21:25','2024-04-06 16:21:25'),
	(475,42,13,NULL,'',NULL,NULL,'2024-04-06 16:21:25','2024-04-06 16:21:25'),
	(476,42,14,NULL,'',NULL,NULL,'2024-04-06 16:21:25','2024-04-06 16:21:25'),
	(477,42,15,NULL,'',NULL,NULL,'2024-04-06 16:21:25','2024-04-06 16:21:25'),
	(478,42,16,NULL,'',NULL,NULL,'2024-04-06 16:21:25','2024-04-06 16:21:25'),
	(479,42,17,NULL,'',NULL,NULL,'2024-04-06 16:21:25','2024-04-06 16:21:25'),
	(480,42,18,NULL,'',NULL,NULL,'2024-04-06 16:21:25','2024-04-06 16:21:25'),
	(481,42,19,NULL,'',NULL,NULL,'2024-04-06 16:21:25','2024-04-06 16:21:25'),
	(482,42,20,NULL,'',NULL,NULL,'2024-04-06 16:21:26','2024-04-06 16:21:26'),
	(483,42,21,NULL,'',NULL,NULL,'2024-04-06 16:21:26','2024-04-06 16:21:26'),
	(484,42,22,NULL,'',NULL,NULL,'2024-04-06 16:21:26','2024-04-06 16:21:26'),
	(485,42,23,NULL,'',NULL,NULL,'2024-04-06 16:21:26','2024-04-06 16:21:26'),
	(486,42,24,NULL,'',NULL,NULL,'2024-04-06 16:21:26','2024-04-06 16:21:26'),
	(487,42,25,NULL,'',NULL,NULL,'2024-04-06 16:21:26','2024-04-06 16:21:26'),
	(488,42,26,NULL,'',NULL,NULL,'2024-04-06 16:21:26','2024-04-06 16:21:26'),
	(489,42,27,NULL,'',NULL,NULL,'2024-04-06 16:21:26','2024-04-06 16:21:26'),
	(490,42,28,NULL,'',NULL,NULL,'2024-04-06 16:21:26','2024-04-06 16:21:26'),
	(491,42,29,NULL,'',NULL,NULL,'2024-04-06 16:21:26','2024-04-06 16:21:26'),
	(492,42,30,NULL,'',NULL,NULL,'2024-04-06 16:21:26','2024-04-06 16:21:26'),
	(493,42,31,NULL,'',NULL,NULL,'2024-04-06 16:21:26','2024-04-06 16:21:26'),
	(494,42,32,NULL,'',NULL,NULL,'2024-04-06 16:21:27','2024-04-06 16:21:27'),
	(495,42,33,NULL,'',NULL,NULL,'2024-04-06 16:21:27','2024-04-06 16:21:27'),
	(496,42,34,NULL,'',NULL,NULL,'2024-04-06 16:21:27','2024-04-06 16:21:27'),
	(497,42,35,NULL,'',NULL,NULL,'2024-04-06 16:21:27','2024-04-06 16:21:27'),
	(498,42,36,NULL,'',NULL,NULL,'2024-04-06 16:21:27','2024-04-06 16:21:27'),
	(499,42,37,NULL,'',NULL,NULL,'2024-04-06 16:21:27','2024-04-06 16:21:27'),
	(500,42,38,NULL,'',NULL,NULL,'2024-04-06 16:21:27','2024-04-06 16:21:27'),
	(501,42,39,NULL,'',NULL,NULL,'2024-04-06 16:21:27','2024-04-06 16:21:27'),
	(502,42,40,NULL,'',NULL,NULL,'2024-04-06 16:21:27','2024-04-06 16:21:27'),
	(503,42,41,NULL,'',NULL,NULL,'2024-04-06 16:21:27','2024-04-06 16:21:27'),
	(504,42,42,NULL,'',NULL,NULL,'2024-04-06 16:21:28','2024-04-06 16:21:28'),
	(505,43,01,NULL,'',NULL,NULL,'2024-04-06 16:21:28','2024-04-06 16:21:28'),
	(506,43,02,NULL,'',NULL,NULL,'2024-04-06 16:21:28','2024-04-06 16:21:28'),
	(507,43,03,NULL,'',NULL,NULL,'2024-04-06 16:21:28','2024-04-06 16:21:28'),
	(508,43,04,NULL,'',NULL,NULL,'2024-04-06 16:21:28','2024-04-06 16:21:28'),
	(509,43,05,NULL,'',NULL,NULL,'2024-04-06 16:21:28','2024-04-06 16:21:28'),
	(510,43,06,NULL,'',NULL,NULL,'2024-04-06 16:21:28','2024-04-06 16:21:28'),
	(511,43,07,NULL,'',NULL,NULL,'2024-04-06 16:21:28','2024-04-06 16:21:28'),
	(512,43,08,NULL,'',NULL,NULL,'2024-04-06 16:21:28','2024-04-06 16:21:28'),
	(513,43,09,NULL,'',NULL,NULL,'2024-04-06 16:21:28','2024-04-06 16:21:28'),
	(514,43,10,NULL,'',NULL,NULL,'2024-04-06 16:21:28','2024-04-06 16:21:28'),
	(515,43,11,NULL,'',NULL,NULL,'2024-04-06 16:21:28','2024-04-06 16:21:28'),
	(516,43,12,NULL,'',NULL,NULL,'2024-04-06 16:21:29','2024-04-06 16:21:29'),
	(517,43,13,NULL,'',NULL,NULL,'2024-04-06 16:21:29','2024-04-06 16:21:29'),
	(518,43,14,NULL,'',NULL,NULL,'2024-04-06 16:21:29','2024-04-06 16:21:29'),
	(519,43,15,NULL,'',NULL,NULL,'2024-04-06 16:21:29','2024-04-06 16:21:29'),
	(520,43,16,NULL,'',NULL,NULL,'2024-04-06 16:21:29','2024-04-06 16:21:29'),
	(521,43,17,NULL,'',NULL,NULL,'2024-04-06 16:21:29','2024-04-06 16:21:29'),
	(522,43,18,NULL,'',NULL,NULL,'2024-04-06 16:21:29','2024-04-06 16:21:29'),
	(523,43,19,NULL,'',NULL,NULL,'2024-04-06 16:21:29','2024-04-06 16:21:29'),
	(524,43,20,NULL,'',NULL,NULL,'2024-04-06 16:21:29','2024-04-06 16:21:29'),
	(525,43,21,NULL,'',NULL,NULL,'2024-04-06 16:21:29','2024-04-06 16:21:29'),
	(526,43,22,NULL,'',NULL,NULL,'2024-04-06 16:21:29','2024-04-06 16:21:29'),
	(527,43,23,NULL,'',NULL,NULL,'2024-04-06 16:21:30','2024-04-06 16:21:30'),
	(528,43,24,NULL,'',NULL,NULL,'2024-04-06 16:21:30','2024-04-06 16:21:30'),
	(529,43,25,NULL,'',NULL,NULL,'2024-04-06 16:21:30','2024-04-06 16:21:30'),
	(530,43,26,NULL,'',NULL,NULL,'2024-04-06 16:21:30','2024-04-06 16:21:30'),
	(531,43,27,NULL,'',NULL,NULL,'2024-04-06 16:21:30','2024-04-06 16:21:30'),
	(532,43,28,NULL,'',NULL,NULL,'2024-04-06 16:21:30','2024-04-06 16:21:30'),
	(533,43,29,NULL,'',NULL,NULL,'2024-04-06 16:21:30','2024-04-06 16:21:30'),
	(534,43,30,NULL,'',NULL,NULL,'2024-04-06 16:21:30','2024-04-06 16:21:30'),
	(535,43,31,NULL,'',NULL,NULL,'2024-04-06 16:21:30','2024-04-06 16:21:30'),
	(536,43,32,NULL,'',NULL,NULL,'2024-04-06 16:21:30','2024-04-06 16:21:30'),
	(537,43,33,NULL,'',NULL,NULL,'2024-04-06 16:21:30','2024-04-06 16:21:30'),
	(538,43,34,NULL,'',NULL,NULL,'2024-04-06 16:21:31','2024-04-06 16:21:31'),
	(539,43,35,NULL,'',NULL,NULL,'2024-04-06 16:21:31','2024-04-06 16:21:31'),
	(540,43,36,NULL,'',NULL,NULL,'2024-04-06 16:21:31','2024-04-06 16:21:31'),
	(541,43,37,NULL,'',NULL,NULL,'2024-04-06 16:21:31','2024-04-06 16:21:31'),
	(542,43,38,NULL,'',NULL,NULL,'2024-04-06 16:21:31','2024-04-06 16:21:31'),
	(543,43,39,NULL,'',NULL,NULL,'2024-04-06 16:21:31','2024-04-06 16:21:31'),
	(544,43,40,NULL,'',NULL,NULL,'2024-04-06 16:21:31','2024-04-06 16:21:31'),
	(545,43,41,NULL,'',NULL,NULL,'2024-04-06 16:21:31','2024-04-06 16:21:31'),
	(546,43,42,NULL,'',NULL,NULL,'2024-04-06 16:21:31','2024-04-06 16:21:31'),
	(547,44,01,NULL,'',NULL,NULL,'2024-04-06 16:21:31','2024-04-06 16:21:31'),
	(548,44,02,NULL,'',NULL,NULL,'2024-04-06 16:21:31','2024-04-06 16:21:31'),
	(549,44,03,NULL,'',NULL,NULL,'2024-04-06 16:21:32','2024-04-06 16:21:32'),
	(550,44,04,NULL,'',NULL,NULL,'2024-04-06 16:21:32','2024-04-06 16:21:32'),
	(551,44,05,NULL,'',NULL,NULL,'2024-04-06 16:21:32','2024-04-06 16:21:32'),
	(552,44,06,NULL,'',NULL,NULL,'2024-04-06 16:21:32','2024-04-06 16:21:32'),
	(553,44,07,NULL,'',NULL,NULL,'2024-04-06 16:21:32','2024-04-06 16:21:32'),
	(554,44,08,NULL,'',NULL,NULL,'2024-04-06 16:21:32','2024-04-06 16:21:32'),
	(555,44,09,NULL,'',NULL,NULL,'2024-04-06 16:21:32','2024-04-06 16:21:32'),
	(556,44,10,NULL,'',NULL,NULL,'2024-04-06 16:21:32','2024-04-06 16:21:32'),
	(557,44,11,NULL,'',NULL,NULL,'2024-04-06 16:21:32','2024-04-06 16:21:32'),
	(558,44,12,NULL,'',NULL,NULL,'2024-04-06 16:21:32','2024-04-06 16:21:32'),
	(559,44,13,NULL,'',NULL,NULL,'2024-04-06 16:21:32','2024-04-06 16:21:32'),
	(560,44,14,NULL,'',NULL,NULL,'2024-04-06 16:21:33','2024-04-06 16:21:33'),
	(561,44,15,NULL,'',NULL,NULL,'2024-04-06 16:21:33','2024-04-06 16:21:33'),
	(562,44,16,NULL,'',NULL,NULL,'2024-04-06 16:21:33','2024-04-06 16:21:33'),
	(563,44,17,NULL,'',NULL,NULL,'2024-04-06 16:21:33','2024-04-06 16:21:33'),
	(564,44,18,NULL,'',NULL,NULL,'2024-04-06 16:21:33','2024-04-06 16:21:33'),
	(565,44,19,NULL,'',NULL,NULL,'2024-04-06 16:21:33','2024-04-06 16:21:33'),
	(566,44,20,NULL,'',NULL,NULL,'2024-04-06 16:21:33','2024-04-06 16:21:33'),
	(567,44,21,NULL,'',NULL,NULL,'2024-04-06 16:21:33','2024-04-06 16:21:33'),
	(568,44,22,NULL,'',NULL,NULL,'2024-04-06 16:21:33','2024-04-06 16:21:33'),
	(569,44,23,NULL,'',NULL,NULL,'2024-04-06 16:21:33','2024-04-06 16:21:33'),
	(570,44,24,NULL,'',NULL,NULL,'2024-04-06 16:21:33','2024-04-06 16:21:33'),
	(571,44,25,NULL,'',NULL,NULL,'2024-04-06 16:21:34','2024-04-06 16:21:34'),
	(572,44,26,NULL,'',NULL,NULL,'2024-04-06 16:21:34','2024-04-06 16:21:34'),
	(573,44,27,NULL,'',NULL,NULL,'2024-04-06 16:21:34','2024-04-06 16:21:34'),
	(574,44,28,NULL,'',NULL,NULL,'2024-04-06 16:21:34','2024-04-06 16:21:34'),
	(575,44,29,NULL,'',NULL,NULL,'2024-04-06 16:21:34','2024-04-06 16:21:34'),
	(576,44,30,NULL,'',NULL,NULL,'2024-04-06 16:21:34','2024-04-06 16:21:34'),
	(577,44,31,NULL,'',NULL,NULL,'2024-04-06 16:21:34','2024-04-06 16:21:34'),
	(578,44,32,NULL,'',NULL,NULL,'2024-04-06 16:21:34','2024-04-06 16:21:34'),
	(579,44,33,NULL,'',NULL,NULL,'2024-04-06 16:21:34','2024-04-06 16:21:34'),
	(580,44,34,NULL,'',NULL,NULL,'2024-04-06 16:21:34','2024-04-06 16:21:34'),
	(581,44,35,NULL,'',NULL,NULL,'2024-04-06 16:21:34','2024-04-06 16:21:34'),
	(582,44,36,NULL,'',NULL,NULL,'2024-04-06 16:21:34','2024-04-06 16:21:34'),
	(583,44,37,NULL,'',NULL,NULL,'2024-04-06 16:21:35','2024-04-06 16:21:35'),
	(584,44,38,NULL,'',NULL,NULL,'2024-04-06 16:21:35','2024-04-06 16:21:35'),
	(585,44,39,NULL,'',NULL,NULL,'2024-04-06 16:21:35','2024-04-06 16:21:35'),
	(586,44,40,NULL,'',NULL,NULL,'2024-04-06 16:21:35','2024-04-06 16:21:35'),
	(587,44,41,NULL,'',NULL,NULL,'2024-04-06 16:21:35','2024-04-06 16:21:35'),
	(588,44,42,NULL,'',NULL,NULL,'2024-04-06 16:21:35','2024-04-06 16:21:35'),
	(589,45,01,NULL,'',NULL,NULL,'2024-04-06 16:21:35','2024-04-06 16:21:35'),
	(590,45,02,NULL,'',NULL,NULL,'2024-04-06 16:21:35','2024-04-06 16:21:35'),
	(591,45,03,NULL,'',NULL,NULL,'2024-04-06 16:21:35','2024-04-06 16:21:35'),
	(592,45,04,NULL,'',NULL,NULL,'2024-04-06 16:21:35','2024-04-06 16:21:35'),
	(593,45,05,NULL,'',NULL,NULL,'2024-04-06 16:21:35','2024-04-06 16:21:35'),
	(594,45,06,NULL,'',NULL,NULL,'2024-04-06 16:21:35','2024-04-06 16:21:35'),
	(595,45,07,NULL,'',NULL,NULL,'2024-04-06 16:21:36','2024-04-06 16:21:36'),
	(596,45,08,NULL,'',NULL,NULL,'2024-04-06 16:21:36','2024-04-06 16:21:36'),
	(597,45,09,NULL,'',NULL,NULL,'2024-04-06 16:21:36','2024-04-06 16:21:36'),
	(598,45,10,NULL,'',NULL,NULL,'2024-04-06 16:21:36','2024-04-06 16:21:36'),
	(599,45,11,NULL,'',NULL,NULL,'2024-04-06 16:21:36','2024-04-06 16:21:36'),
	(600,45,12,NULL,'',NULL,NULL,'2024-04-06 16:21:36','2024-04-06 16:21:36'),
	(601,45,13,NULL,'',NULL,NULL,'2024-04-06 16:21:36','2024-04-06 16:21:36'),
	(602,45,14,NULL,'',NULL,NULL,'2024-04-06 16:21:36','2024-04-06 16:21:36'),
	(603,45,15,NULL,'',NULL,NULL,'2024-04-06 16:21:36','2024-04-06 16:21:36'),
	(604,45,16,NULL,'',NULL,NULL,'2024-04-06 16:21:36','2024-04-06 16:21:36'),
	(605,45,17,NULL,'',NULL,NULL,'2024-04-06 16:21:36','2024-04-06 16:21:36'),
	(606,45,18,NULL,'',NULL,NULL,'2024-04-06 16:21:37','2024-04-06 16:21:37'),
	(607,45,19,NULL,'',NULL,NULL,'2024-04-06 16:21:37','2024-04-06 16:21:37'),
	(608,45,20,NULL,'',NULL,NULL,'2024-04-06 16:21:37','2024-04-06 16:21:37'),
	(609,45,21,NULL,'',NULL,NULL,'2024-04-06 16:21:37','2024-04-06 16:21:37'),
	(610,45,22,NULL,'',NULL,NULL,'2024-04-06 16:21:37','2024-04-06 16:21:37'),
	(611,45,23,NULL,'',NULL,NULL,'2024-04-06 16:21:37','2024-04-06 16:21:37'),
	(612,45,24,NULL,'',NULL,NULL,'2024-04-06 16:21:37','2024-04-06 16:21:37'),
	(613,45,25,NULL,'',NULL,NULL,'2024-04-06 16:21:37','2024-04-06 16:21:37'),
	(614,45,26,NULL,'',NULL,NULL,'2024-04-06 16:21:37','2024-04-06 16:21:37'),
	(615,45,27,NULL,'',NULL,NULL,'2024-04-06 16:21:37','2024-04-06 16:21:37'),
	(616,45,28,NULL,'',NULL,NULL,'2024-04-06 16:21:37','2024-04-06 16:21:37'),
	(617,45,29,NULL,'',NULL,NULL,'2024-04-06 16:21:37','2024-04-06 16:21:37'),
	(618,45,30,NULL,'',NULL,NULL,'2024-04-06 16:21:38','2024-04-06 16:21:38'),
	(619,45,31,NULL,'',NULL,NULL,'2024-04-06 16:21:38','2024-04-06 16:21:38'),
	(620,45,32,NULL,'',NULL,NULL,'2024-04-06 16:21:38','2024-04-06 16:21:38'),
	(621,45,33,NULL,'',NULL,NULL,'2024-04-06 16:21:38','2024-04-06 16:21:38'),
	(622,45,34,NULL,'',NULL,NULL,'2024-04-06 16:21:38','2024-04-06 16:21:38'),
	(623,45,35,NULL,'',NULL,NULL,'2024-04-06 16:21:38','2024-04-06 16:21:38'),
	(624,45,36,NULL,'',NULL,NULL,'2024-04-06 16:21:38','2024-04-06 16:21:38'),
	(625,45,37,NULL,'',NULL,NULL,'2024-04-06 16:21:38','2024-04-06 16:21:38'),
	(626,45,38,NULL,'',NULL,NULL,'2024-04-06 16:21:38','2024-04-06 16:21:38'),
	(627,45,39,NULL,'',NULL,NULL,'2024-04-06 16:21:38','2024-04-06 16:21:38'),
	(628,45,40,NULL,'',NULL,NULL,'2024-04-06 16:21:38','2024-04-06 16:21:38'),
	(629,45,41,NULL,'',NULL,NULL,'2024-04-06 16:21:38','2024-04-06 16:21:38'),
	(630,45,42,NULL,'',NULL,NULL,'2024-04-06 16:21:39','2024-04-06 16:21:39'),
	(631,46,01,NULL,'',NULL,NULL,'2024-04-06 16:21:39','2024-04-06 16:21:39'),
	(632,46,02,NULL,'',NULL,NULL,'2024-04-06 16:21:39','2024-04-06 16:21:39'),
	(633,46,03,NULL,'',NULL,NULL,'2024-04-06 16:21:39','2024-04-06 16:21:39'),
	(634,46,04,NULL,'',NULL,NULL,'2024-04-06 16:21:39','2024-04-06 16:21:39'),
	(635,46,05,NULL,'',NULL,NULL,'2024-04-06 16:21:39','2024-04-06 16:21:39'),
	(636,46,06,NULL,'',NULL,NULL,'2024-04-06 16:21:39','2024-04-06 16:21:39'),
	(637,46,07,NULL,'',NULL,NULL,'2024-04-06 16:21:39','2024-04-06 16:21:39'),
	(638,46,08,NULL,'',NULL,NULL,'2024-04-06 16:21:39','2024-04-06 16:21:39'),
	(639,46,09,NULL,'',NULL,NULL,'2024-04-06 16:21:39','2024-04-06 16:21:39'),
	(640,46,10,NULL,'',NULL,NULL,'2024-04-06 16:21:39','2024-04-06 16:21:39'),
	(641,46,11,NULL,'',NULL,NULL,'2024-04-06 16:21:40','2024-04-06 16:21:40'),
	(642,46,12,NULL,'',NULL,NULL,'2024-04-06 16:21:40','2024-04-06 16:21:40'),
	(643,46,13,NULL,'',NULL,NULL,'2024-04-06 16:21:40','2024-04-06 16:21:40'),
	(644,46,14,NULL,'',NULL,NULL,'2024-04-06 16:21:40','2024-04-06 16:21:40'),
	(645,46,15,NULL,'',NULL,NULL,'2024-04-06 16:21:40','2024-04-06 16:21:40'),
	(646,46,16,NULL,'',NULL,NULL,'2024-04-06 16:21:40','2024-04-06 16:21:40'),
	(647,46,17,NULL,'',NULL,NULL,'2024-04-06 16:21:40','2024-04-06 16:21:40'),
	(648,46,18,NULL,'',NULL,NULL,'2024-04-06 16:21:40','2024-04-06 16:21:40'),
	(649,46,19,NULL,'',NULL,NULL,'2024-04-06 16:21:40','2024-04-06 16:21:40'),
	(650,46,20,NULL,'',NULL,NULL,'2024-04-06 16:21:40','2024-04-06 16:21:40'),
	(651,46,21,NULL,'',NULL,NULL,'2024-04-06 16:21:40','2024-04-06 16:21:40'),
	(652,46,22,NULL,'',NULL,NULL,'2024-04-06 16:21:40','2024-04-06 16:21:40'),
	(653,46,23,NULL,'',NULL,NULL,'2024-04-06 16:21:40','2024-04-06 16:21:40'),
	(654,46,24,NULL,'',NULL,NULL,'2024-04-06 16:21:41','2024-04-06 16:21:41'),
	(655,46,25,NULL,'',NULL,NULL,'2024-04-06 16:21:41','2024-04-06 16:21:41'),
	(656,46,26,NULL,'',NULL,NULL,'2024-04-06 16:21:41','2024-04-06 16:21:41'),
	(657,46,27,NULL,'',NULL,NULL,'2024-04-06 16:21:41','2024-04-06 16:21:41'),
	(658,46,28,NULL,'',NULL,NULL,'2024-04-06 16:21:41','2024-04-06 16:21:41'),
	(659,46,29,NULL,'',NULL,NULL,'2024-04-06 16:21:41','2024-04-06 16:21:41'),
	(660,46,30,NULL,'',NULL,NULL,'2024-04-06 16:21:41','2024-04-06 16:21:41'),
	(661,46,31,NULL,'',NULL,NULL,'2024-04-06 16:21:41','2024-04-06 16:21:41'),
	(662,46,32,NULL,'',NULL,NULL,'2024-04-06 16:21:41','2024-04-06 16:21:41'),
	(663,46,33,NULL,'',NULL,NULL,'2024-04-06 16:21:41','2024-04-06 16:21:41'),
	(664,46,34,NULL,'',NULL,NULL,'2024-04-06 16:21:41','2024-04-06 16:21:41'),
	(665,46,35,NULL,'',NULL,NULL,'2024-04-06 16:21:42','2024-04-06 16:21:42'),
	(666,46,36,NULL,'',NULL,NULL,'2024-04-06 16:21:42','2024-04-06 16:21:42'),
	(667,46,37,NULL,'',NULL,NULL,'2024-04-06 16:21:42','2024-04-06 16:21:42'),
	(668,46,38,NULL,'',NULL,NULL,'2024-04-06 16:21:42','2024-04-06 16:21:42'),
	(669,46,39,NULL,'',NULL,NULL,'2024-04-06 16:21:42','2024-04-06 16:21:42'),
	(670,46,40,NULL,'',NULL,NULL,'2024-04-06 16:21:42','2024-04-06 16:21:42'),
	(671,46,41,NULL,'',NULL,NULL,'2024-04-06 16:21:42','2024-04-06 16:21:42'),
	(672,46,42,NULL,'',NULL,NULL,'2024-04-06 16:21:42','2024-04-06 16:21:42'),
	(673,47,01,NULL,'',NULL,NULL,'2024-04-06 16:21:42','2024-04-06 16:21:42'),
	(674,47,02,NULL,'',NULL,NULL,'2024-04-06 16:21:42','2024-04-06 16:21:42'),
	(675,47,03,NULL,'',NULL,NULL,'2024-04-06 16:21:42','2024-04-06 16:21:42'),
	(676,47,04,NULL,'',NULL,NULL,'2024-04-06 16:21:43','2024-04-06 16:21:43'),
	(677,47,05,NULL,'',NULL,NULL,'2024-04-06 16:21:43','2024-04-06 16:21:43'),
	(678,47,06,NULL,'',NULL,NULL,'2024-04-06 16:21:43','2024-04-06 16:21:43'),
	(679,47,07,NULL,'',NULL,NULL,'2024-04-06 16:21:43','2024-04-06 16:21:43'),
	(680,47,08,NULL,'',NULL,NULL,'2024-04-06 16:21:43','2024-04-06 16:21:43'),
	(681,47,09,NULL,'',NULL,NULL,'2024-04-06 16:21:43','2024-04-06 16:21:43'),
	(682,47,10,NULL,'',NULL,NULL,'2024-04-06 16:21:43','2024-04-06 16:21:43'),
	(683,47,11,NULL,'',NULL,NULL,'2024-04-06 16:21:43','2024-04-06 16:21:43'),
	(684,47,12,NULL,'',NULL,NULL,'2024-04-06 16:21:43','2024-04-06 16:21:43'),
	(685,47,13,NULL,'',NULL,NULL,'2024-04-06 16:21:43','2024-04-06 16:21:43'),
	(686,47,14,NULL,'',NULL,NULL,'2024-04-06 16:21:43','2024-04-06 16:21:43'),
	(687,47,15,NULL,'',NULL,NULL,'2024-04-06 16:21:43','2024-04-06 16:21:43'),
	(688,47,16,NULL,'',NULL,NULL,'2024-04-06 16:21:44','2024-04-06 16:21:44'),
	(689,47,17,NULL,'',NULL,NULL,'2024-04-06 16:21:44','2024-04-06 16:21:44'),
	(690,47,18,NULL,'',NULL,NULL,'2024-04-06 16:21:44','2024-04-06 16:21:44'),
	(691,47,19,NULL,'',NULL,NULL,'2024-04-06 16:21:44','2024-04-06 16:21:44'),
	(692,47,20,NULL,'',NULL,NULL,'2024-04-06 16:21:44','2024-04-06 16:21:44'),
	(693,47,21,NULL,'',NULL,NULL,'2024-04-06 16:21:44','2024-04-06 16:21:44'),
	(694,47,22,NULL,'',NULL,NULL,'2024-04-06 16:21:44','2024-04-06 16:21:44'),
	(695,47,23,NULL,'',NULL,NULL,'2024-04-06 16:21:44','2024-04-06 16:21:44'),
	(696,47,24,NULL,'',NULL,NULL,'2024-04-06 16:21:44','2024-04-06 16:21:44'),
	(697,47,25,NULL,'',NULL,NULL,'2024-04-06 16:21:44','2024-04-06 16:21:44'),
	(698,47,26,NULL,'',NULL,NULL,'2024-04-06 16:21:44','2024-04-06 16:21:44'),
	(699,47,27,NULL,'',NULL,NULL,'2024-04-06 16:21:45','2024-04-06 16:21:45'),
	(700,47,28,NULL,'',NULL,NULL,'2024-04-06 16:21:45','2024-04-06 16:21:45'),
	(701,47,29,NULL,'',NULL,NULL,'2024-04-06 16:21:45','2024-04-06 16:21:45'),
	(702,47,30,NULL,'',NULL,NULL,'2024-04-06 16:21:45','2024-04-06 16:21:45'),
	(703,47,31,NULL,'',NULL,NULL,'2024-04-06 16:21:45','2024-04-06 16:21:45'),
	(704,47,32,NULL,'',NULL,NULL,'2024-04-06 16:21:45','2024-04-06 16:21:45'),
	(705,47,33,NULL,'',NULL,NULL,'2024-04-06 16:21:45','2024-04-06 16:21:45'),
	(706,47,34,NULL,'',NULL,NULL,'2024-04-06 16:21:45','2024-04-06 16:21:45'),
	(707,47,35,NULL,'',NULL,NULL,'2024-04-06 16:21:45','2024-04-06 16:21:45'),
	(708,47,36,NULL,'',NULL,NULL,'2024-04-06 16:21:45','2024-04-06 16:21:45'),
	(709,47,37,NULL,'',NULL,NULL,'2024-04-06 16:21:45','2024-04-06 16:21:45'),
	(710,47,38,NULL,'',NULL,NULL,'2024-04-06 16:21:45','2024-04-06 16:21:45'),
	(711,47,39,NULL,'',NULL,NULL,'2024-04-06 16:21:46','2024-04-06 16:21:46'),
	(712,47,40,NULL,'',NULL,NULL,'2024-04-06 16:21:46','2024-04-06 16:21:46'),
	(713,47,41,NULL,'',NULL,NULL,'2024-04-06 16:21:46','2024-04-06 16:21:46'),
	(714,47,42,NULL,'',NULL,NULL,'2024-04-06 16:21:46','2024-04-06 16:21:46'),
	(715,48,01,NULL,'',NULL,NULL,'2024-04-06 16:21:46','2024-04-06 16:21:46'),
	(716,48,02,NULL,'',NULL,NULL,'2024-04-06 16:21:46','2024-04-06 16:21:46'),
	(717,48,03,NULL,'',NULL,NULL,'2024-04-06 16:21:46','2024-04-06 16:21:46'),
	(718,48,04,NULL,'',NULL,NULL,'2024-04-06 16:21:46','2024-04-06 16:21:46'),
	(719,48,05,NULL,'',NULL,NULL,'2024-04-06 16:21:46','2024-04-06 16:21:46'),
	(720,48,06,NULL,'',NULL,NULL,'2024-04-06 16:21:46','2024-04-06 16:21:46'),
	(721,48,07,NULL,'',NULL,NULL,'2024-04-06 16:21:46','2024-04-06 16:21:46'),
	(722,48,08,NULL,'',NULL,NULL,'2024-04-06 16:21:46','2024-04-06 16:21:46'),
	(723,48,09,NULL,'',NULL,NULL,'2024-04-06 16:21:47','2024-04-06 16:21:47'),
	(724,48,10,NULL,'',NULL,NULL,'2024-04-06 16:21:47','2024-04-06 16:21:47'),
	(725,48,11,NULL,'',NULL,NULL,'2024-04-06 16:21:47','2024-04-06 16:21:47'),
	(726,48,12,NULL,'',NULL,NULL,'2024-04-06 16:21:47','2024-04-06 16:21:47'),
	(727,48,13,NULL,'',NULL,NULL,'2024-04-06 16:21:47','2024-04-06 16:21:47'),
	(728,48,14,NULL,'',NULL,NULL,'2024-04-06 16:21:47','2024-04-06 16:21:47'),
	(729,48,15,NULL,'',NULL,NULL,'2024-04-06 16:21:47','2024-04-06 16:21:47'),
	(730,48,16,NULL,'',NULL,NULL,'2024-04-06 16:21:47','2024-04-06 16:21:47'),
	(731,48,17,NULL,'',NULL,NULL,'2024-04-06 16:21:47','2024-04-06 16:21:47'),
	(732,48,18,NULL,'',NULL,NULL,'2024-04-06 16:21:47','2024-04-06 16:21:47'),
	(733,48,19,NULL,'',NULL,NULL,'2024-04-06 16:21:47','2024-04-06 16:21:47'),
	(734,48,20,NULL,'',NULL,NULL,'2024-04-06 16:21:47','2024-04-06 16:21:47'),
	(735,48,21,NULL,'',NULL,NULL,'2024-04-06 16:21:47','2024-04-06 16:21:47'),
	(736,48,22,NULL,'',NULL,NULL,'2024-04-06 16:21:48','2024-04-06 16:21:48'),
	(737,48,23,NULL,'',NULL,NULL,'2024-04-06 16:21:48','2024-04-06 16:21:48'),
	(738,48,24,NULL,'',NULL,NULL,'2024-04-06 16:21:48','2024-04-06 16:21:48'),
	(739,48,25,NULL,'',NULL,NULL,'2024-04-06 16:21:48','2024-04-06 16:21:48'),
	(740,48,26,NULL,'',NULL,NULL,'2024-04-06 16:21:48','2024-04-06 16:21:48'),
	(741,48,27,NULL,'',NULL,NULL,'2024-04-06 16:21:48','2024-04-06 16:21:48'),
	(742,48,28,NULL,'',NULL,NULL,'2024-04-06 16:21:48','2024-04-06 16:21:48'),
	(743,48,29,NULL,'',NULL,NULL,'2024-04-06 16:21:48','2024-04-06 16:21:48'),
	(744,48,30,NULL,'',NULL,NULL,'2024-04-06 16:21:48','2024-04-06 16:21:48'),
	(745,48,31,NULL,'',NULL,NULL,'2024-04-06 16:21:48','2024-04-06 16:21:48'),
	(746,48,32,NULL,'',NULL,NULL,'2024-04-06 16:21:48','2024-04-06 16:21:48'),
	(747,48,33,NULL,'',NULL,NULL,'2024-04-06 16:21:48','2024-04-06 16:21:48'),
	(748,48,34,NULL,'',NULL,NULL,'2024-04-06 16:21:49','2024-04-06 16:21:49'),
	(749,48,35,NULL,'',NULL,NULL,'2024-04-06 16:21:49','2024-04-06 16:21:49'),
	(750,48,36,NULL,'',NULL,NULL,'2024-04-06 16:21:49','2024-04-06 16:21:49'),
	(751,48,37,NULL,'',NULL,NULL,'2024-04-06 16:21:49','2024-04-06 16:21:49'),
	(752,48,38,NULL,'',NULL,NULL,'2024-04-06 16:21:49','2024-04-06 16:21:49'),
	(753,48,39,NULL,'',NULL,NULL,'2024-04-06 16:21:49','2024-04-06 16:21:49'),
	(754,48,40,NULL,'',NULL,NULL,'2024-04-06 16:21:49','2024-04-06 16:21:49'),
	(755,48,41,NULL,'',NULL,NULL,'2024-04-06 16:21:49','2024-04-06 16:21:49'),
	(756,48,42,NULL,'',NULL,NULL,'2024-04-06 16:21:49','2024-04-06 16:21:49'),
	(757,49,01,NULL,'',NULL,NULL,'2024-04-06 16:21:49','2024-04-06 16:21:49'),
	(758,49,02,NULL,'',NULL,NULL,'2024-04-06 16:21:49','2024-04-06 16:21:49'),
	(759,49,03,NULL,'',NULL,NULL,'2024-04-06 16:21:49','2024-04-06 16:21:49'),
	(760,49,04,NULL,'',NULL,NULL,'2024-04-06 16:21:50','2024-04-06 16:21:50'),
	(761,49,05,NULL,'',NULL,NULL,'2024-04-06 16:21:50','2024-04-06 16:21:50'),
	(762,49,06,NULL,'',NULL,NULL,'2024-04-06 16:21:50','2024-04-06 16:21:50'),
	(763,49,07,NULL,'',NULL,NULL,'2024-04-06 16:21:50','2024-04-06 16:21:50'),
	(764,49,08,NULL,'',NULL,NULL,'2024-04-06 16:21:50','2024-04-06 16:21:50'),
	(765,49,09,NULL,'',NULL,NULL,'2024-04-06 16:21:50','2024-04-06 16:21:50'),
	(766,49,10,NULL,'',NULL,NULL,'2024-04-06 16:21:50','2024-04-06 16:21:50'),
	(767,49,11,NULL,'',NULL,NULL,'2024-04-06 16:21:50','2024-04-06 16:21:50'),
	(768,49,12,NULL,'',NULL,NULL,'2024-04-06 16:21:50','2024-04-06 16:21:50'),
	(769,49,13,NULL,'',NULL,NULL,'2024-04-06 16:21:50','2024-04-06 16:21:50'),
	(770,49,14,NULL,'',NULL,NULL,'2024-04-06 16:21:50','2024-04-06 16:21:50'),
	(771,49,15,NULL,'',NULL,NULL,'2024-04-06 16:21:50','2024-04-06 16:21:50'),
	(772,49,16,NULL,'',NULL,NULL,'2024-04-06 16:21:51','2024-04-06 16:21:51'),
	(773,49,17,NULL,'',NULL,NULL,'2024-04-06 16:21:51','2024-04-06 16:21:51'),
	(774,49,18,NULL,'',NULL,NULL,'2024-04-06 16:21:51','2024-04-06 16:21:51'),
	(775,49,19,NULL,'',NULL,NULL,'2024-04-06 16:21:51','2024-04-06 16:21:51'),
	(776,49,20,NULL,'',NULL,NULL,'2024-04-06 16:21:51','2024-04-06 16:21:51'),
	(777,49,21,NULL,'',NULL,NULL,'2024-04-06 16:21:51','2024-04-06 16:21:51'),
	(778,49,22,NULL,'',NULL,NULL,'2024-04-06 16:21:51','2024-04-06 16:21:51'),
	(779,49,23,NULL,'',NULL,NULL,'2024-04-06 16:21:51','2024-04-06 16:21:51'),
	(780,49,24,NULL,'',NULL,NULL,'2024-04-06 16:21:51','2024-04-06 16:21:51'),
	(781,49,25,NULL,'',NULL,NULL,'2024-04-06 16:21:51','2024-04-06 16:21:51'),
	(782,49,26,NULL,'',NULL,NULL,'2024-04-06 16:21:51','2024-04-06 16:21:51'),
	(783,49,27,NULL,'',NULL,NULL,'2024-04-06 16:21:52','2024-04-06 16:21:52'),
	(784,49,28,NULL,'',NULL,NULL,'2024-04-06 16:21:52','2024-04-06 16:21:52'),
	(785,49,29,NULL,'',NULL,NULL,'2024-04-06 16:21:52','2024-04-06 16:21:52'),
	(786,49,30,NULL,'',NULL,NULL,'2024-04-06 16:21:52','2024-04-06 16:21:52'),
	(787,49,31,NULL,'',NULL,NULL,'2024-04-06 16:21:52','2024-04-06 16:21:52'),
	(788,49,32,NULL,'',NULL,NULL,'2024-04-06 16:21:52','2024-04-06 16:21:52'),
	(789,49,33,NULL,'',NULL,NULL,'2024-04-06 16:21:52','2024-04-06 16:21:52'),
	(790,49,34,NULL,'',NULL,NULL,'2024-04-06 16:21:52','2024-04-06 16:21:52'),
	(791,49,35,NULL,'',NULL,NULL,'2024-04-06 16:21:52','2024-04-06 16:21:52'),
	(792,49,36,NULL,'',NULL,NULL,'2024-04-06 16:21:52','2024-04-06 16:21:52'),
	(793,49,37,NULL,'',NULL,NULL,'2024-04-06 16:21:52','2024-04-06 16:21:52'),
	(794,49,38,NULL,'',NULL,NULL,'2024-04-06 16:21:53','2024-04-06 16:21:53'),
	(795,49,39,NULL,'',NULL,NULL,'2024-04-06 16:21:53','2024-04-06 16:21:53'),
	(796,49,40,NULL,'',NULL,NULL,'2024-04-06 16:21:53','2024-04-06 16:21:53'),
	(797,49,41,NULL,'',NULL,NULL,'2024-04-06 16:21:53','2024-04-06 16:21:53'),
	(798,49,42,NULL,'',NULL,NULL,'2024-04-06 16:21:53','2024-04-06 16:21:53'),
	(799,50,01,NULL,'',NULL,NULL,'2024-04-06 16:21:53','2024-04-06 16:21:53'),
	(800,50,02,NULL,'',NULL,NULL,'2024-04-06 16:21:53','2024-04-06 16:21:53'),
	(801,50,03,NULL,'',NULL,NULL,'2024-04-06 16:21:53','2024-04-06 16:21:53'),
	(802,50,04,NULL,'',NULL,NULL,'2024-04-06 16:21:53','2024-04-06 16:21:53'),
	(803,50,05,NULL,'',NULL,NULL,'2024-04-06 16:21:53','2024-04-06 16:21:53'),
	(804,50,06,NULL,'',NULL,NULL,'2024-04-06 16:21:53','2024-04-06 16:21:53'),
	(805,50,07,NULL,'',NULL,NULL,'2024-04-06 16:21:53','2024-04-06 16:21:53'),
	(806,50,08,NULL,'',NULL,NULL,'2024-04-06 16:21:54','2024-04-06 16:21:54'),
	(807,50,09,NULL,'',NULL,NULL,'2024-04-06 16:21:54','2024-04-06 16:21:54'),
	(808,50,10,NULL,'',NULL,NULL,'2024-04-06 16:21:54','2024-04-06 16:21:54'),
	(809,50,11,NULL,'',NULL,NULL,'2024-04-06 16:21:54','2024-04-06 16:21:54'),
	(810,50,12,NULL,'',NULL,NULL,'2024-04-06 16:21:54','2024-04-06 16:21:54'),
	(811,50,13,NULL,'',NULL,NULL,'2024-04-06 16:21:54','2024-04-06 16:21:54'),
	(812,50,14,NULL,'',NULL,NULL,'2024-04-06 16:21:54','2024-04-06 16:21:54'),
	(813,50,15,NULL,'',NULL,NULL,'2024-04-06 16:21:54','2024-04-06 16:21:54'),
	(814,50,16,NULL,'',NULL,NULL,'2024-04-06 16:21:54','2024-04-06 16:21:54'),
	(815,50,17,NULL,'',NULL,NULL,'2024-04-06 16:21:54','2024-04-06 16:21:54'),
	(816,50,18,NULL,'',NULL,NULL,'2024-04-06 16:21:54','2024-04-06 16:21:54'),
	(817,50,19,NULL,'',NULL,NULL,'2024-04-06 16:21:54','2024-04-06 16:21:54'),
	(818,50,20,NULL,'',NULL,NULL,'2024-04-06 16:21:55','2024-04-06 16:21:55'),
	(819,50,21,NULL,'',NULL,NULL,'2024-04-06 16:21:55','2024-04-06 16:21:55'),
	(820,50,22,NULL,'',NULL,NULL,'2024-04-06 16:21:55','2024-04-06 16:21:55'),
	(821,50,23,NULL,'',NULL,NULL,'2024-04-06 16:21:55','2024-04-06 16:21:55'),
	(822,50,24,NULL,'',NULL,NULL,'2024-04-06 16:21:55','2024-04-06 16:21:55'),
	(823,50,25,NULL,'',NULL,NULL,'2024-04-06 16:21:55','2024-04-06 16:21:55'),
	(824,50,26,NULL,'',NULL,NULL,'2024-04-06 16:21:55','2024-04-06 16:21:55'),
	(825,50,27,NULL,'',NULL,NULL,'2024-04-06 16:21:55','2024-04-06 16:21:55'),
	(826,50,28,NULL,'',NULL,NULL,'2024-04-06 16:21:55','2024-04-06 16:21:55'),
	(827,50,29,NULL,'',NULL,NULL,'2024-04-06 16:21:55','2024-04-06 16:21:55'),
	(828,50,30,NULL,'',NULL,NULL,'2024-04-06 16:21:56','2024-04-06 16:21:56'),
	(829,50,31,NULL,'',NULL,NULL,'2024-04-06 16:21:56','2024-04-06 16:21:56'),
	(830,50,32,NULL,'',NULL,NULL,'2024-04-06 16:21:56','2024-04-06 16:21:56'),
	(831,50,33,NULL,'',NULL,NULL,'2024-04-06 16:21:56','2024-04-06 16:21:56'),
	(832,50,34,NULL,'',NULL,NULL,'2024-04-06 16:21:56','2024-04-06 16:21:56'),
	(833,50,35,NULL,'',NULL,NULL,'2024-04-06 16:21:56','2024-04-06 16:21:56'),
	(834,50,36,NULL,'',NULL,NULL,'2024-04-06 16:21:56','2024-04-06 16:21:56'),
	(835,50,37,NULL,'',NULL,NULL,'2024-04-06 16:21:56','2024-04-06 16:21:56'),
	(836,50,38,NULL,'',NULL,NULL,'2024-04-06 16:21:57','2024-04-06 16:21:57'),
	(837,50,39,NULL,'',NULL,NULL,'2024-04-06 16:21:57','2024-04-06 16:21:57'),
	(838,50,40,NULL,'',NULL,NULL,'2024-04-06 16:21:57','2024-04-06 16:21:57'),
	(839,50,41,NULL,'',NULL,NULL,'2024-04-06 16:21:57','2024-04-06 16:21:57'),
	(840,50,42,NULL,'',NULL,NULL,'2024-04-06 16:21:57','2024-04-06 16:21:57'),
	(841,51,01,NULL,'',NULL,NULL,'2024-04-06 16:21:57','2024-04-06 16:21:57'),
	(842,51,02,NULL,'',NULL,NULL,'2024-04-06 16:21:57','2024-04-06 16:21:57'),
	(843,51,03,NULL,'',NULL,NULL,'2024-04-06 16:21:58','2024-04-06 16:21:58'),
	(844,51,04,NULL,'',NULL,NULL,'2024-04-06 16:21:58','2024-04-06 16:21:58'),
	(845,51,05,NULL,'',NULL,NULL,'2024-04-06 16:21:58','2024-04-06 16:21:58'),
	(846,51,06,NULL,'',NULL,NULL,'2024-04-06 16:21:58','2024-04-06 16:21:58'),
	(847,51,07,NULL,'',NULL,NULL,'2024-04-06 16:21:58','2024-04-06 16:21:58'),
	(848,51,08,NULL,'',NULL,NULL,'2024-04-06 16:21:58','2024-04-06 16:21:58'),
	(849,51,09,NULL,'',NULL,NULL,'2024-04-06 16:21:58','2024-04-06 16:21:58'),
	(850,51,10,NULL,'',NULL,NULL,'2024-04-06 16:21:58','2024-04-06 16:21:58'),
	(851,51,11,NULL,'',NULL,NULL,'2024-04-06 16:21:59','2024-04-06 16:21:59'),
	(852,51,12,NULL,'',NULL,NULL,'2024-04-06 16:21:59','2024-04-06 16:21:59'),
	(853,51,13,NULL,'',NULL,NULL,'2024-04-06 16:21:59','2024-04-06 16:21:59'),
	(854,51,14,NULL,'',NULL,NULL,'2024-04-06 16:21:59','2024-04-06 16:21:59'),
	(855,51,15,NULL,'',NULL,NULL,'2024-04-06 16:21:59','2024-04-06 16:21:59'),
	(856,51,16,NULL,'',NULL,NULL,'2024-04-06 16:21:59','2024-04-06 16:21:59'),
	(857,51,17,NULL,'',NULL,NULL,'2024-04-06 16:21:59','2024-04-06 16:21:59'),
	(858,51,18,NULL,'',NULL,NULL,'2024-04-06 16:21:59','2024-04-06 16:21:59'),
	(859,51,19,NULL,'',NULL,NULL,'2024-04-06 16:21:59','2024-04-06 16:21:59'),
	(860,51,20,NULL,'',NULL,NULL,'2024-04-06 16:21:59','2024-04-06 16:21:59'),
	(861,51,21,NULL,'',NULL,NULL,'2024-04-06 16:21:59','2024-04-06 16:21:59'),
	(862,51,22,NULL,'',NULL,NULL,'2024-04-06 16:22:00','2024-04-06 16:22:00'),
	(863,51,23,NULL,'',NULL,NULL,'2024-04-06 16:22:00','2024-04-06 16:22:00'),
	(864,51,24,NULL,'',NULL,NULL,'2024-04-06 16:22:00','2024-04-06 16:22:00'),
	(865,51,25,NULL,'',NULL,NULL,'2024-04-06 16:22:00','2024-04-06 16:22:00'),
	(866,51,26,NULL,'',NULL,NULL,'2024-04-06 16:22:00','2024-04-06 16:22:00'),
	(867,51,27,NULL,'',NULL,NULL,'2024-04-06 16:22:00','2024-04-06 16:22:00'),
	(868,51,28,NULL,'',NULL,NULL,'2024-04-06 16:22:00','2024-04-06 16:22:00'),
	(869,51,29,NULL,'',NULL,NULL,'2024-04-06 16:22:00','2024-04-06 16:22:00'),
	(870,51,30,NULL,'',NULL,NULL,'2024-04-06 16:22:00','2024-04-06 16:22:00'),
	(871,51,31,NULL,'',NULL,NULL,'2024-04-06 16:22:00','2024-04-06 16:22:00'),
	(872,51,32,NULL,'',NULL,NULL,'2024-04-06 16:22:00','2024-04-06 16:22:00'),
	(873,51,33,NULL,'',NULL,NULL,'2024-04-06 16:22:01','2024-04-06 16:22:01'),
	(874,51,34,NULL,'',NULL,NULL,'2024-04-06 16:22:01','2024-04-06 16:22:01'),
	(875,51,35,NULL,'',NULL,NULL,'2024-04-06 16:22:01','2024-04-06 16:22:01'),
	(876,51,36,NULL,'',NULL,NULL,'2024-04-06 16:22:01','2024-04-06 16:22:01'),
	(877,51,37,NULL,'',NULL,NULL,'2024-04-06 16:22:01','2024-04-06 16:22:01'),
	(878,51,38,NULL,'',NULL,NULL,'2024-04-06 16:22:01','2024-04-06 16:22:01'),
	(879,51,39,NULL,'',NULL,NULL,'2024-04-06 16:22:01','2024-04-06 16:22:01'),
	(880,51,40,NULL,'',NULL,NULL,'2024-04-06 16:22:01','2024-04-06 16:22:01'),
	(881,51,41,NULL,'',NULL,NULL,'2024-04-06 16:22:01','2024-04-06 16:22:01'),
	(882,51,42,NULL,'',NULL,NULL,'2024-04-06 16:22:01','2024-04-06 16:22:01'),
	(883,52,01,NULL,'',NULL,NULL,'2024-04-06 16:22:01','2024-04-06 16:22:01'),
	(884,52,02,NULL,'',NULL,NULL,'2024-04-06 16:22:02','2024-04-06 16:22:02'),
	(885,52,03,NULL,'',NULL,NULL,'2024-04-06 16:22:02','2024-04-06 16:22:02'),
	(886,52,04,NULL,'',NULL,NULL,'2024-04-06 16:22:02','2024-04-06 16:22:02'),
	(887,52,05,NULL,'',NULL,NULL,'2024-04-06 16:22:02','2024-04-06 16:22:02'),
	(888,52,06,NULL,'',NULL,NULL,'2024-04-06 16:22:02','2024-04-06 16:22:02'),
	(889,52,07,NULL,'',NULL,NULL,'2024-04-06 16:22:02','2024-04-06 16:22:02'),
	(890,52,08,NULL,'',NULL,NULL,'2024-04-06 16:22:02','2024-04-06 16:22:02'),
	(891,52,09,NULL,'',NULL,NULL,'2024-04-06 16:22:02','2024-04-06 16:22:02'),
	(892,52,10,NULL,'',NULL,NULL,'2024-04-06 16:22:02','2024-04-06 16:22:02'),
	(893,52,11,NULL,'',NULL,NULL,'2024-04-06 16:22:02','2024-04-06 16:22:02'),
	(894,52,12,NULL,'',NULL,NULL,'2024-04-06 16:22:02','2024-04-06 16:22:02'),
	(895,52,13,NULL,'',NULL,NULL,'2024-04-06 16:22:03','2024-04-06 16:22:03'),
	(896,52,14,NULL,'',NULL,NULL,'2024-04-06 16:22:03','2024-04-06 16:22:03'),
	(897,52,15,NULL,'',NULL,NULL,'2024-04-06 16:22:03','2024-04-06 16:22:03'),
	(898,52,16,NULL,'',NULL,NULL,'2024-04-06 16:22:03','2024-04-06 16:22:03'),
	(899,52,17,NULL,'',NULL,NULL,'2024-04-06 16:22:03','2024-04-06 16:22:03'),
	(900,52,18,NULL,'',NULL,NULL,'2024-04-06 16:22:03','2024-04-06 16:22:03'),
	(901,52,19,NULL,'',NULL,NULL,'2024-04-06 16:22:03','2024-04-06 16:22:03'),
	(902,52,20,NULL,'',NULL,NULL,'2024-04-06 16:22:03','2024-04-06 16:22:03'),
	(903,52,21,NULL,'',NULL,NULL,'2024-04-06 16:22:03','2024-04-06 16:22:03'),
	(904,52,22,NULL,'',NULL,NULL,'2024-04-06 16:22:03','2024-04-06 16:22:03'),
	(905,52,23,NULL,'',NULL,NULL,'2024-04-06 16:22:03','2024-04-06 16:22:03'),
	(906,52,24,NULL,'',NULL,NULL,'2024-04-06 16:22:04','2024-04-06 16:22:04'),
	(907,52,25,NULL,'',NULL,NULL,'2024-04-06 16:22:04','2024-04-06 16:22:04'),
	(908,52,26,NULL,'',NULL,NULL,'2024-04-06 16:22:04','2024-04-06 16:22:04'),
	(909,52,27,NULL,'',NULL,NULL,'2024-04-06 16:22:04','2024-04-06 16:22:04'),
	(910,52,28,NULL,'',NULL,NULL,'2024-04-06 16:22:04','2024-04-06 16:22:04'),
	(911,52,29,NULL,'',NULL,NULL,'2024-04-06 16:22:04','2024-04-06 16:22:04'),
	(912,52,30,NULL,'',NULL,NULL,'2024-04-06 16:22:04','2024-04-06 16:22:04'),
	(913,52,31,NULL,'',NULL,NULL,'2024-04-06 16:22:04','2024-04-06 16:22:04'),
	(914,52,32,NULL,'',NULL,NULL,'2024-04-06 16:22:04','2024-04-06 16:22:04'),
	(915,52,33,NULL,'',NULL,NULL,'2024-04-06 16:22:04','2024-04-06 16:22:04'),
	(916,52,34,NULL,'',NULL,NULL,'2024-04-06 16:22:04','2024-04-06 16:22:04'),
	(917,52,35,NULL,'',NULL,NULL,'2024-04-06 16:22:05','2024-04-06 16:22:05'),
	(918,52,36,NULL,'',NULL,NULL,'2024-04-06 16:22:05','2024-04-06 16:22:05'),
	(919,52,37,NULL,'',NULL,NULL,'2024-04-06 16:22:05','2024-04-06 16:22:05'),
	(920,52,38,NULL,'',NULL,NULL,'2024-04-06 16:22:05','2024-04-06 16:22:05'),
	(921,52,39,NULL,'',NULL,NULL,'2024-04-06 16:22:05','2024-04-06 16:22:05'),
	(922,52,40,NULL,'',NULL,NULL,'2024-04-06 16:22:05','2024-04-06 16:22:05'),
	(923,52,41,NULL,'',NULL,NULL,'2024-04-06 16:22:05','2024-04-06 16:22:05'),
	(924,52,42,NULL,'',NULL,NULL,'2024-04-06 16:22:05','2024-04-06 16:22:05'),
	(925,53,01,NULL,'',NULL,NULL,'2024-04-06 16:22:05','2024-04-06 16:22:05'),
	(926,53,02,NULL,'',NULL,NULL,'2024-04-06 16:22:05','2024-04-06 16:22:05'),
	(927,53,03,NULL,'',NULL,NULL,'2024-04-06 16:22:05','2024-04-06 16:22:05'),
	(928,53,04,NULL,'',NULL,NULL,'2024-04-06 16:22:06','2024-04-06 16:22:06'),
	(929,53,05,NULL,'',NULL,NULL,'2024-04-06 16:22:06','2024-04-06 16:22:06'),
	(930,53,06,NULL,'',NULL,NULL,'2024-04-06 16:22:06','2024-04-06 16:22:06'),
	(931,53,07,NULL,'',NULL,NULL,'2024-04-06 16:22:06','2024-04-06 16:22:06'),
	(932,53,08,NULL,'',NULL,NULL,'2024-04-06 16:22:06','2024-04-06 16:22:06'),
	(933,53,09,NULL,'',NULL,NULL,'2024-04-06 16:22:06','2024-04-06 16:22:06'),
	(934,53,10,NULL,'',NULL,NULL,'2024-04-06 16:22:06','2024-04-06 16:22:06'),
	(935,53,11,NULL,'',NULL,NULL,'2024-04-06 16:22:06','2024-04-06 16:22:06'),
	(936,53,12,NULL,'',NULL,NULL,'2024-04-06 16:22:06','2024-04-06 16:22:06'),
	(937,53,13,NULL,'',NULL,NULL,'2024-04-06 16:22:06','2024-04-06 16:22:06'),
	(938,53,14,NULL,'',NULL,NULL,'2024-04-06 16:22:06','2024-04-06 16:22:06'),
	(939,53,15,NULL,'',NULL,NULL,'2024-04-06 16:22:07','2024-04-06 16:22:07'),
	(940,53,16,NULL,'',NULL,NULL,'2024-04-06 16:22:07','2024-04-06 16:22:07'),
	(941,53,17,NULL,'',NULL,NULL,'2024-04-06 16:22:07','2024-04-06 16:22:07'),
	(942,53,18,NULL,'',NULL,NULL,'2024-04-06 16:22:07','2024-04-06 16:22:07'),
	(943,53,19,NULL,'',NULL,NULL,'2024-04-06 16:22:07','2024-04-06 16:22:07'),
	(944,53,20,NULL,'',NULL,NULL,'2024-04-06 16:22:07','2024-04-06 16:22:07'),
	(945,53,21,NULL,'',NULL,NULL,'2024-04-06 16:22:07','2024-04-06 16:22:07'),
	(946,53,22,NULL,'',NULL,NULL,'2024-04-06 16:22:07','2024-04-06 16:22:07'),
	(947,53,23,NULL,'',NULL,NULL,'2024-04-06 16:22:07','2024-04-06 16:22:07'),
	(948,53,24,NULL,'',NULL,NULL,'2024-04-06 16:22:07','2024-04-06 16:22:07'),
	(949,53,25,NULL,'',NULL,NULL,'2024-04-06 16:22:07','2024-04-06 16:22:07'),
	(950,53,26,NULL,'',NULL,NULL,'2024-04-06 16:22:08','2024-04-06 16:22:08'),
	(951,53,27,NULL,'',NULL,NULL,'2024-04-06 16:22:08','2024-04-06 16:22:08'),
	(952,53,28,NULL,'',NULL,NULL,'2024-04-06 16:22:08','2024-04-06 16:22:08'),
	(953,53,29,NULL,'',NULL,NULL,'2024-04-06 16:22:08','2024-04-06 16:22:08'),
	(954,53,30,NULL,'',NULL,NULL,'2024-04-06 16:22:08','2024-04-06 16:22:08'),
	(955,53,31,NULL,'',NULL,NULL,'2024-04-06 16:22:08','2024-04-06 16:22:08'),
	(956,53,32,NULL,'',NULL,NULL,'2024-04-06 16:22:08','2024-04-06 16:22:08'),
	(957,53,33,NULL,'',NULL,NULL,'2024-04-06 16:22:08','2024-04-06 16:22:08'),
	(958,53,34,NULL,'',NULL,NULL,'2024-04-06 16:22:08','2024-04-06 16:22:08'),
	(959,53,35,NULL,'',NULL,NULL,'2024-04-06 16:22:08','2024-04-06 16:22:08'),
	(960,53,36,NULL,'',NULL,NULL,'2024-04-06 16:22:08','2024-04-06 16:22:08'),
	(961,53,37,NULL,'',NULL,NULL,'2024-04-06 16:22:08','2024-04-06 16:22:08'),
	(962,53,38,NULL,'',NULL,NULL,'2024-04-06 16:22:09','2024-04-06 16:22:09'),
	(963,53,39,NULL,'',NULL,NULL,'2024-04-06 16:22:09','2024-04-06 16:22:09'),
	(964,53,40,NULL,'',NULL,NULL,'2024-04-06 16:22:09','2024-04-06 16:22:09'),
	(965,53,41,NULL,'',NULL,NULL,'2024-04-06 16:22:09','2024-04-06 16:22:09'),
	(966,53,42,NULL,'',NULL,NULL,'2024-04-06 16:22:09','2024-04-06 16:22:09'),
	(967,54,01,NULL,'',NULL,NULL,'2024-04-06 16:22:09','2024-04-06 16:22:09'),
	(968,54,02,NULL,'',NULL,NULL,'2024-04-06 16:22:09','2024-04-06 16:22:09'),
	(969,54,03,NULL,'',NULL,NULL,'2024-04-06 16:22:09','2024-04-06 16:22:09'),
	(970,54,04,NULL,'',NULL,NULL,'2024-04-06 16:22:09','2024-04-06 16:22:09'),
	(971,54,05,NULL,'',NULL,NULL,'2024-04-06 16:22:09','2024-04-06 16:22:09'),
	(972,54,06,NULL,'',NULL,NULL,'2024-04-06 16:22:09','2024-04-06 16:22:09'),
	(973,54,07,NULL,'',NULL,NULL,'2024-04-06 16:22:09','2024-04-06 16:22:09'),
	(974,54,08,NULL,'',NULL,NULL,'2024-04-06 16:22:10','2024-04-06 16:22:10'),
	(975,54,09,NULL,'',NULL,NULL,'2024-04-06 16:22:10','2024-04-06 16:22:10'),
	(976,54,10,NULL,'',NULL,NULL,'2024-04-06 16:22:10','2024-04-06 16:22:10'),
	(977,54,11,NULL,'',NULL,NULL,'2024-04-06 16:22:10','2024-04-06 16:22:10'),
	(978,54,12,NULL,'',NULL,NULL,'2024-04-06 16:22:10','2024-04-06 16:22:10'),
	(979,54,13,NULL,'',NULL,NULL,'2024-04-06 16:22:10','2024-04-06 16:22:10'),
	(980,54,14,NULL,'',NULL,NULL,'2024-04-06 16:22:10','2024-04-06 16:22:10'),
	(981,54,15,NULL,'',NULL,NULL,'2024-04-06 16:22:10','2024-04-06 16:22:10'),
	(982,54,16,NULL,'',NULL,NULL,'2024-04-06 16:22:10','2024-04-06 16:22:10'),
	(983,54,17,NULL,'',NULL,NULL,'2024-04-06 16:22:10','2024-04-06 16:22:10'),
	(984,54,18,NULL,'',NULL,NULL,'2024-04-06 16:22:10','2024-04-06 16:22:10'),
	(985,54,19,NULL,'',NULL,NULL,'2024-04-06 16:22:11','2024-04-06 16:22:11'),
	(986,54,20,NULL,'',NULL,NULL,'2024-04-06 16:22:11','2024-04-06 16:22:11'),
	(987,54,21,NULL,'',NULL,NULL,'2024-04-06 16:22:11','2024-04-06 16:22:11'),
	(988,54,22,NULL,'',NULL,NULL,'2024-04-06 16:22:11','2024-04-06 16:22:11'),
	(989,54,23,NULL,'',NULL,NULL,'2024-04-06 16:22:11','2024-04-06 16:22:11'),
	(990,54,24,NULL,'',NULL,NULL,'2024-04-06 16:22:11','2024-04-06 16:22:11'),
	(991,54,25,NULL,'',NULL,NULL,'2024-04-06 16:22:11','2024-04-06 16:22:11'),
	(992,54,26,NULL,'',NULL,NULL,'2024-04-06 16:22:11','2024-04-06 16:22:11'),
	(993,54,27,NULL,'',NULL,NULL,'2024-04-06 16:22:11','2024-04-06 16:22:11'),
	(994,54,28,NULL,'',NULL,NULL,'2024-04-06 16:22:11','2024-04-06 16:22:11'),
	(995,54,29,NULL,'',NULL,NULL,'2024-04-06 16:22:11','2024-04-06 16:22:11'),
	(996,54,30,NULL,'',NULL,NULL,'2024-04-06 16:22:12','2024-04-06 16:22:12'),
	(997,54,31,NULL,'',NULL,NULL,'2024-04-06 16:22:12','2024-04-06 16:22:12'),
	(998,54,32,NULL,'',NULL,NULL,'2024-04-06 16:22:12','2024-04-06 16:22:12'),
	(999,54,33,NULL,'',NULL,NULL,'2024-04-06 16:22:12','2024-04-06 16:22:12'),
	(1000,54,34,NULL,'',NULL,NULL,'2024-04-06 16:22:12','2024-04-06 16:22:12'),
	(1001,54,35,NULL,'',NULL,NULL,'2024-04-06 16:22:12','2024-04-06 16:22:12'),
	(1002,54,36,NULL,'',NULL,NULL,'2024-04-06 16:22:12','2024-04-06 16:22:12'),
	(1003,54,37,NULL,'',NULL,NULL,'2024-04-06 16:22:12','2024-04-06 16:22:12'),
	(1004,54,38,NULL,'',NULL,NULL,'2024-04-06 16:22:12','2024-04-06 16:22:12'),
	(1005,54,39,NULL,'',NULL,NULL,'2024-04-06 16:22:12','2024-04-06 16:22:12'),
	(1006,54,40,NULL,'',NULL,NULL,'2024-04-06 16:22:12','2024-04-06 16:22:12'),
	(1007,54,41,NULL,'',NULL,NULL,'2024-04-06 16:22:13','2024-04-06 16:22:13'),
	(1008,54,42,NULL,'',NULL,NULL,'2024-04-06 16:22:13','2024-04-06 16:22:13'),
	(1009,55,01,NULL,'',NULL,NULL,'2024-04-06 16:22:13','2024-04-06 16:22:13'),
	(1010,55,02,NULL,'',NULL,NULL,'2024-04-06 16:22:13','2024-04-06 16:22:13'),
	(1011,55,03,NULL,'',NULL,NULL,'2024-04-06 16:22:13','2024-04-06 16:22:13'),
	(1012,55,04,NULL,'',NULL,NULL,'2024-04-06 16:22:13','2024-04-06 16:22:13'),
	(1013,55,05,NULL,'',NULL,NULL,'2024-04-06 16:22:13','2024-04-06 16:22:13'),
	(1014,55,06,NULL,'',NULL,NULL,'2024-04-06 16:22:13','2024-04-06 16:22:13'),
	(1015,55,07,NULL,'',NULL,NULL,'2024-04-06 16:22:13','2024-04-06 16:22:13'),
	(1016,55,08,NULL,'',NULL,NULL,'2024-04-06 16:22:13','2024-04-06 16:22:13'),
	(1017,55,09,NULL,'',NULL,NULL,'2024-04-06 16:22:13','2024-04-06 16:22:13'),
	(1018,55,10,NULL,'',NULL,NULL,'2024-04-06 16:22:14','2024-04-06 16:22:14'),
	(1019,55,11,NULL,'',NULL,NULL,'2024-04-06 16:22:14','2024-04-06 16:22:14'),
	(1020,55,12,NULL,'',NULL,NULL,'2024-04-06 16:22:14','2024-04-06 16:22:14'),
	(1021,55,13,NULL,'',NULL,NULL,'2024-04-06 16:22:14','2024-04-06 16:22:14'),
	(1022,55,14,NULL,'',NULL,NULL,'2024-04-06 16:22:14','2024-04-06 16:22:14'),
	(1023,55,15,NULL,'',NULL,NULL,'2024-04-06 16:22:14','2024-04-06 16:22:14'),
	(1024,55,16,NULL,'',NULL,NULL,'2024-04-06 16:22:14','2024-04-06 16:22:14'),
	(1025,55,17,NULL,'',NULL,NULL,'2024-04-06 16:22:14','2024-04-06 16:22:14'),
	(1026,55,18,NULL,'',NULL,NULL,'2024-04-06 16:22:14','2024-04-06 16:22:14'),
	(1027,55,19,NULL,'',NULL,NULL,'2024-04-06 16:22:14','2024-04-06 16:22:14'),
	(1028,55,20,NULL,'',NULL,NULL,'2024-04-06 16:22:14','2024-04-06 16:22:14'),
	(1029,55,21,NULL,'',NULL,NULL,'2024-04-06 16:22:15','2024-04-06 16:22:15'),
	(1030,55,22,NULL,'',NULL,NULL,'2024-04-06 16:22:15','2024-04-06 16:22:15'),
	(1031,55,23,NULL,'',NULL,NULL,'2024-04-06 16:22:15','2024-04-06 16:22:15'),
	(1032,55,24,NULL,'',NULL,NULL,'2024-04-06 16:22:15','2024-04-06 16:22:15'),
	(1033,55,25,NULL,'',NULL,NULL,'2024-04-06 16:22:15','2024-04-06 16:22:15'),
	(1034,55,26,NULL,'',NULL,NULL,'2024-04-06 16:22:15','2024-04-06 16:22:15'),
	(1035,55,27,NULL,'',NULL,NULL,'2024-04-06 16:22:15','2024-04-06 16:22:15'),
	(1036,55,28,NULL,'',NULL,NULL,'2024-04-06 16:22:15','2024-04-06 16:22:15'),
	(1037,55,29,NULL,'',NULL,NULL,'2024-04-06 16:22:15','2024-04-06 16:22:15'),
	(1038,55,30,NULL,'',NULL,NULL,'2024-04-06 16:22:15','2024-04-06 16:22:15'),
	(1039,55,31,NULL,'',NULL,NULL,'2024-04-06 16:22:15','2024-04-06 16:22:15'),
	(1040,55,32,NULL,'',NULL,NULL,'2024-04-06 16:22:16','2024-04-06 16:22:16'),
	(1041,55,33,NULL,'',NULL,NULL,'2024-04-06 16:22:16','2024-04-06 16:22:16'),
	(1042,55,34,NULL,'',NULL,NULL,'2024-04-06 16:22:16','2024-04-06 16:22:16'),
	(1043,55,35,NULL,'',NULL,NULL,'2024-04-06 16:22:16','2024-04-06 16:22:16'),
	(1044,55,36,NULL,'',NULL,NULL,'2024-04-06 16:22:16','2024-04-06 16:22:16'),
	(1045,55,37,NULL,'',NULL,NULL,'2024-04-06 16:22:16','2024-04-06 16:22:16'),
	(1046,55,38,NULL,'',NULL,NULL,'2024-04-06 16:22:16','2024-04-06 16:22:16'),
	(1047,55,39,NULL,'',NULL,NULL,'2024-04-06 16:22:16','2024-04-06 16:22:16'),
	(1048,55,40,NULL,'',NULL,NULL,'2024-04-06 16:22:16','2024-04-06 16:22:16'),
	(1049,55,41,NULL,'',NULL,NULL,'2024-04-06 16:22:16','2024-04-06 16:22:16'),
	(1050,55,42,NULL,'',NULL,NULL,'2024-04-06 16:22:16','2024-04-06 16:22:16'),
	(1051,56,01,NULL,'',NULL,NULL,'2024-04-06 16:22:17','2024-04-06 16:22:17'),
	(1052,56,02,NULL,'',NULL,NULL,'2024-04-06 16:22:17','2024-04-06 16:22:17'),
	(1053,56,03,NULL,'',NULL,NULL,'2024-04-06 16:22:17','2024-04-06 16:22:17'),
	(1054,56,04,NULL,'',NULL,NULL,'2024-04-06 16:22:17','2024-04-06 16:22:17'),
	(1055,56,05,NULL,'',NULL,NULL,'2024-04-06 16:22:17','2024-04-06 16:22:17'),
	(1056,56,06,NULL,'',NULL,NULL,'2024-04-06 16:22:17','2024-04-06 16:22:17'),
	(1057,56,07,NULL,'',NULL,NULL,'2024-04-06 16:22:17','2024-04-06 16:22:17'),
	(1058,56,08,NULL,'',NULL,NULL,'2024-04-06 16:22:17','2024-04-06 16:22:17'),
	(1059,56,09,NULL,'',NULL,NULL,'2024-04-06 16:22:17','2024-04-06 16:22:17'),
	(1060,56,10,NULL,'',NULL,NULL,'2024-04-06 16:22:17','2024-04-06 16:22:17'),
	(1061,56,11,NULL,'',NULL,NULL,'2024-04-06 16:22:17','2024-04-06 16:22:17'),
	(1062,56,12,NULL,'',NULL,NULL,'2024-04-06 16:22:18','2024-04-06 16:22:18'),
	(1063,56,13,NULL,'',NULL,NULL,'2024-04-06 16:22:18','2024-04-06 16:22:18'),
	(1064,56,14,NULL,'',NULL,NULL,'2024-04-06 16:22:18','2024-04-06 16:22:18'),
	(1065,56,15,NULL,'',NULL,NULL,'2024-04-06 16:22:18','2024-04-06 16:22:18'),
	(1066,56,16,NULL,'',NULL,NULL,'2024-04-06 16:22:18','2024-04-06 16:22:18'),
	(1067,56,17,NULL,'',NULL,NULL,'2024-04-06 16:22:18','2024-04-06 16:22:18'),
	(1068,56,18,NULL,'',NULL,NULL,'2024-04-06 16:22:18','2024-04-06 16:22:18'),
	(1069,56,19,NULL,'',NULL,NULL,'2024-04-06 16:22:18','2024-04-06 16:22:18'),
	(1070,56,20,NULL,'',NULL,NULL,'2024-04-06 16:22:18','2024-04-06 16:22:18'),
	(1071,56,21,NULL,'',NULL,NULL,'2024-04-06 16:22:18','2024-04-06 16:22:18'),
	(1072,56,22,NULL,'',NULL,NULL,'2024-04-06 16:22:18','2024-04-06 16:22:18'),
	(1073,56,23,NULL,'',NULL,NULL,'2024-04-06 16:22:18','2024-04-06 16:22:18'),
	(1074,56,24,NULL,'',NULL,NULL,'2024-04-06 16:22:19','2024-04-06 16:22:19'),
	(1075,56,25,NULL,'',NULL,NULL,'2024-04-06 16:22:19','2024-04-06 16:22:19'),
	(1076,56,26,NULL,'',NULL,NULL,'2024-04-06 16:22:19','2024-04-06 16:22:19'),
	(1077,56,27,NULL,'',NULL,NULL,'2024-04-06 16:22:19','2024-04-06 16:22:19'),
	(1078,56,28,NULL,'',NULL,NULL,'2024-04-06 16:22:19','2024-04-06 16:22:19'),
	(1079,56,29,NULL,'',NULL,NULL,'2024-04-06 16:22:19','2024-04-06 16:22:19'),
	(1080,56,30,NULL,'',NULL,NULL,'2024-04-06 16:22:19','2024-04-06 16:22:19'),
	(1081,56,31,NULL,'',NULL,NULL,'2024-04-06 16:22:19','2024-04-06 16:22:19'),
	(1082,56,32,NULL,'',NULL,NULL,'2024-04-06 16:22:19','2024-04-06 16:22:19'),
	(1083,56,33,NULL,'',NULL,NULL,'2024-04-06 16:22:19','2024-04-06 16:22:19'),
	(1084,56,34,NULL,'',NULL,NULL,'2024-04-06 16:22:19','2024-04-06 16:22:19'),
	(1085,56,35,NULL,'',NULL,NULL,'2024-04-06 16:22:20','2024-04-06 16:22:20'),
	(1086,56,36,NULL,'',NULL,NULL,'2024-04-06 16:22:20','2024-04-06 16:22:20'),
	(1087,56,37,NULL,'',NULL,NULL,'2024-04-06 16:22:20','2024-04-06 16:22:20'),
	(1088,56,38,NULL,'',NULL,NULL,'2024-04-06 16:22:20','2024-04-06 16:22:20'),
	(1089,56,39,NULL,'',NULL,NULL,'2024-04-06 16:22:20','2024-04-06 16:22:20'),
	(1090,56,40,NULL,'',NULL,NULL,'2024-04-06 16:22:20','2024-04-06 16:22:20'),
	(1091,56,41,NULL,'',NULL,NULL,'2024-04-06 16:22:20','2024-04-06 16:22:20'),
	(1092,56,42,NULL,'',NULL,NULL,'2024-04-06 16:22:20','2024-04-06 16:22:20'),
	(1093,57,01,NULL,'',NULL,NULL,'2024-04-06 16:22:20','2024-04-06 16:22:20'),
	(1094,57,02,NULL,'',NULL,NULL,'2024-04-06 16:22:20','2024-04-06 16:22:20'),
	(1095,57,03,NULL,'',NULL,NULL,'2024-04-06 16:22:21','2024-04-06 16:22:21'),
	(1096,57,04,NULL,'',NULL,NULL,'2024-04-06 16:22:21','2024-04-06 16:22:21'),
	(1097,57,05,NULL,'',NULL,NULL,'2024-04-06 16:22:21','2024-04-06 16:22:21'),
	(1098,57,06,NULL,'',NULL,NULL,'2024-04-06 16:22:21','2024-04-06 16:22:21'),
	(1099,57,07,NULL,'',NULL,NULL,'2024-04-06 16:22:21','2024-04-06 16:22:21'),
	(1100,57,08,NULL,'',NULL,NULL,'2024-04-06 16:22:21','2024-04-06 16:22:21'),
	(1101,57,09,NULL,'',NULL,NULL,'2024-04-06 16:22:21','2024-04-06 16:22:21'),
	(1102,57,10,NULL,'',NULL,NULL,'2024-04-06 16:22:21','2024-04-06 16:22:21'),
	(1103,57,11,NULL,'',NULL,NULL,'2024-04-06 16:22:21','2024-04-06 16:22:21'),
	(1104,57,12,NULL,'',NULL,NULL,'2024-04-06 16:22:21','2024-04-06 16:22:21'),
	(1105,57,13,NULL,'',NULL,NULL,'2024-04-06 16:22:21','2024-04-06 16:22:21'),
	(1106,57,14,NULL,'',NULL,NULL,'2024-04-06 16:22:22','2024-04-06 16:22:22'),
	(1107,57,15,NULL,'',NULL,NULL,'2024-04-06 16:22:22','2024-04-06 16:22:22'),
	(1108,57,16,NULL,'',NULL,NULL,'2024-04-06 16:22:22','2024-04-06 16:22:22'),
	(1109,57,17,NULL,'',NULL,NULL,'2024-04-06 16:22:22','2024-04-06 16:22:22'),
	(1110,57,18,NULL,'',NULL,NULL,'2024-04-06 16:22:22','2024-04-06 16:22:22'),
	(1111,57,19,NULL,'',NULL,NULL,'2024-04-06 16:22:22','2024-04-06 16:22:22'),
	(1112,57,20,NULL,'',NULL,NULL,'2024-04-06 16:22:22','2024-04-06 16:22:22'),
	(1113,57,21,NULL,'',NULL,NULL,'2024-04-06 16:22:22','2024-04-06 16:22:22'),
	(1114,57,22,NULL,'',NULL,NULL,'2024-04-06 16:22:22','2024-04-06 16:22:22'),
	(1115,57,23,NULL,'',NULL,NULL,'2024-04-06 16:22:22','2024-04-06 16:22:22'),
	(1116,57,24,NULL,'',NULL,NULL,'2024-04-06 16:22:23','2024-04-06 16:22:23'),
	(1117,57,25,NULL,'',NULL,NULL,'2024-04-06 16:22:23','2024-04-06 16:22:23'),
	(1118,57,26,NULL,'',NULL,NULL,'2024-04-06 16:22:23','2024-04-06 16:22:23'),
	(1119,57,27,NULL,'',NULL,NULL,'2024-04-06 16:22:23','2024-04-06 16:22:23'),
	(1120,57,28,NULL,'',NULL,NULL,'2024-04-06 16:22:23','2024-04-06 16:22:23'),
	(1121,57,29,NULL,'',NULL,NULL,'2024-04-06 16:22:23','2024-04-06 16:22:23'),
	(1122,57,30,NULL,'',NULL,NULL,'2024-04-06 16:22:23','2024-04-06 16:22:23'),
	(1123,57,31,NULL,'',NULL,NULL,'2024-04-06 16:22:23','2024-04-06 16:22:23'),
	(1124,57,32,NULL,'',NULL,NULL,'2024-04-06 16:22:23','2024-04-06 16:22:23'),
	(1125,57,33,NULL,'',NULL,NULL,'2024-04-06 16:22:23','2024-04-06 16:22:23'),
	(1126,57,34,NULL,'',NULL,NULL,'2024-04-06 16:22:24','2024-04-06 16:22:24'),
	(1127,57,35,NULL,'',NULL,NULL,'2024-04-06 16:22:24','2024-04-06 16:22:24'),
	(1128,57,36,NULL,'',NULL,NULL,'2024-04-06 16:22:24','2024-04-06 16:22:24'),
	(1129,57,37,NULL,'',NULL,NULL,'2024-04-06 16:22:24','2024-04-06 16:22:24'),
	(1130,57,38,NULL,'',NULL,NULL,'2024-04-06 16:22:24','2024-04-06 16:22:24'),
	(1131,57,39,NULL,'',NULL,NULL,'2024-04-06 16:22:24','2024-04-06 16:22:24'),
	(1132,57,40,NULL,'',NULL,NULL,'2024-04-06 16:22:24','2024-04-06 16:22:24'),
	(1133,57,41,NULL,'',NULL,NULL,'2024-04-06 16:22:24','2024-04-06 16:22:24'),
	(1134,57,42,NULL,'',NULL,NULL,'2024-04-06 16:22:24','2024-04-06 16:22:24'),
	(1135,58,01,NULL,'',NULL,NULL,'2024-04-06 16:22:24','2024-04-06 16:22:24'),
	(1136,58,02,NULL,'',NULL,NULL,'2024-04-06 16:22:24','2024-04-06 16:22:24'),
	(1137,58,03,NULL,'',NULL,NULL,'2024-04-06 16:22:25','2024-04-06 16:22:25'),
	(1138,58,04,NULL,'',NULL,NULL,'2024-04-06 16:22:25','2024-04-06 16:22:25'),
	(1139,58,05,NULL,'',NULL,NULL,'2024-04-06 16:22:25','2024-04-06 16:22:25'),
	(1140,58,06,NULL,'',NULL,NULL,'2024-04-06 16:22:25','2024-04-06 16:22:25'),
	(1141,58,07,NULL,'',NULL,NULL,'2024-04-06 16:22:25','2024-04-06 16:22:25'),
	(1142,58,08,NULL,'',NULL,NULL,'2024-04-06 16:22:25','2024-04-06 16:22:25'),
	(1143,58,09,NULL,'',NULL,NULL,'2024-04-06 16:22:25','2024-04-06 16:22:25'),
	(1144,58,10,NULL,'',NULL,NULL,'2024-04-06 16:22:25','2024-04-06 16:22:25'),
	(1145,58,11,NULL,'',NULL,NULL,'2024-04-06 16:22:25','2024-04-06 16:22:25'),
	(1146,58,12,NULL,'',NULL,NULL,'2024-04-06 16:22:25','2024-04-06 16:22:25'),
	(1147,58,13,NULL,'',NULL,NULL,'2024-04-06 16:22:26','2024-04-06 16:22:26'),
	(1148,58,14,NULL,'',NULL,NULL,'2024-04-06 16:22:26','2024-04-06 16:22:26'),
	(1149,58,15,NULL,'',NULL,NULL,'2024-04-06 16:22:26','2024-04-06 16:22:26'),
	(1150,58,16,NULL,'',NULL,NULL,'2024-04-06 16:22:26','2024-04-06 16:22:26'),
	(1151,58,17,NULL,'',NULL,NULL,'2024-04-06 16:22:26','2024-04-06 16:22:26'),
	(1152,58,18,NULL,'',NULL,NULL,'2024-04-06 16:22:26','2024-04-06 16:22:26'),
	(1153,58,19,NULL,'',NULL,NULL,'2024-04-06 16:22:26','2024-04-06 16:22:26'),
	(1154,58,20,NULL,'',NULL,NULL,'2024-04-06 16:22:26','2024-04-06 16:22:26'),
	(1155,58,21,NULL,'',NULL,NULL,'2024-04-06 16:22:26','2024-04-06 16:22:26'),
	(1156,58,22,NULL,'',NULL,NULL,'2024-04-06 16:22:26','2024-04-06 16:22:26'),
	(1157,58,23,NULL,'',NULL,NULL,'2024-04-06 16:22:26','2024-04-06 16:22:26'),
	(1158,58,24,NULL,'',NULL,NULL,'2024-04-06 16:22:26','2024-04-06 16:22:26'),
	(1159,58,25,NULL,'',NULL,NULL,'2024-04-06 16:22:27','2024-04-06 16:22:27'),
	(1160,58,26,NULL,'',NULL,NULL,'2024-04-06 16:22:27','2024-04-06 16:22:27'),
	(1161,58,27,NULL,'',NULL,NULL,'2024-04-06 16:22:27','2024-04-06 16:22:27'),
	(1162,58,28,NULL,'',NULL,NULL,'2024-04-06 16:22:27','2024-04-06 16:22:27'),
	(1163,58,29,NULL,'',NULL,NULL,'2024-04-06 16:22:27','2024-04-06 16:22:27'),
	(1164,58,30,NULL,'',NULL,NULL,'2024-04-06 16:22:27','2024-04-06 16:22:27'),
	(1165,58,31,NULL,'',NULL,NULL,'2024-04-06 16:22:27','2024-04-06 16:22:27'),
	(1166,58,32,NULL,'',NULL,NULL,'2024-04-06 16:22:27','2024-04-06 16:22:27'),
	(1167,58,33,NULL,'',NULL,NULL,'2024-04-06 16:22:27','2024-04-06 16:22:27'),
	(1168,58,34,NULL,'',NULL,NULL,'2024-04-06 16:22:27','2024-04-06 16:22:27'),
	(1169,58,35,NULL,'',NULL,NULL,'2024-04-06 16:22:27','2024-04-06 16:22:27'),
	(1170,58,36,NULL,'',NULL,NULL,'2024-04-06 16:22:28','2024-04-06 16:22:28'),
	(1171,58,37,NULL,'',NULL,NULL,'2024-04-06 16:22:28','2024-04-06 16:22:28'),
	(1172,58,38,NULL,'',NULL,NULL,'2024-04-06 16:22:28','2024-04-06 16:22:28'),
	(1173,58,39,NULL,'',NULL,NULL,'2024-04-06 16:22:28','2024-04-06 16:22:28'),
	(1174,58,40,NULL,'',NULL,NULL,'2024-04-06 16:22:28','2024-04-06 16:22:28'),
	(1175,58,41,NULL,'',NULL,NULL,'2024-04-06 16:22:28','2024-04-06 16:22:28'),
	(1176,58,42,NULL,'',NULL,NULL,'2024-04-06 16:22:28','2024-04-06 16:22:28'),
	(1177,59,01,NULL,'',NULL,NULL,'2024-04-06 16:22:28','2024-04-06 16:22:28'),
	(1178,59,02,NULL,'',NULL,NULL,'2024-04-06 16:22:28','2024-04-06 16:22:28'),
	(1179,59,03,NULL,'',NULL,NULL,'2024-04-06 16:22:28','2024-04-06 16:22:28'),
	(1180,59,04,NULL,'',NULL,NULL,'2024-04-06 16:22:29','2024-04-06 16:22:29'),
	(1181,59,05,NULL,'',NULL,NULL,'2024-04-06 16:22:29','2024-04-06 16:22:29'),
	(1182,59,06,NULL,'',NULL,NULL,'2024-04-06 16:22:29','2024-04-06 16:22:29'),
	(1183,59,07,NULL,'',NULL,NULL,'2024-04-06 16:22:29','2024-04-06 16:22:29'),
	(1184,59,08,NULL,'',NULL,NULL,'2024-04-06 16:22:29','2024-04-06 16:22:29'),
	(1185,59,09,NULL,'',NULL,NULL,'2024-04-06 16:22:29','2024-04-06 16:22:29'),
	(1186,59,10,NULL,'',NULL,NULL,'2024-04-06 16:22:29','2024-04-06 16:22:29'),
	(1187,59,11,NULL,'',NULL,NULL,'2024-04-06 16:22:29','2024-04-06 16:22:29'),
	(1188,59,12,NULL,'',NULL,NULL,'2024-04-06 16:22:30','2024-04-06 16:22:30'),
	(1189,59,13,NULL,'',NULL,NULL,'2024-04-06 16:22:30','2024-04-06 16:22:30'),
	(1190,59,14,NULL,'',NULL,NULL,'2024-04-06 16:22:30','2024-04-06 16:22:30'),
	(1191,59,15,NULL,'',NULL,NULL,'2024-04-06 16:22:30','2024-04-06 16:22:30'),
	(1192,59,16,NULL,'',NULL,NULL,'2024-04-06 16:22:30','2024-04-06 16:22:30'),
	(1193,59,17,NULL,'',NULL,NULL,'2024-04-06 16:22:30','2024-04-06 16:22:30'),
	(1194,59,18,NULL,'',NULL,NULL,'2024-04-06 16:22:30','2024-04-06 16:22:30'),
	(1195,59,19,NULL,'',NULL,NULL,'2024-04-06 16:22:30','2024-04-06 16:22:30'),
	(1196,59,20,NULL,'',NULL,NULL,'2024-04-06 16:22:30','2024-04-06 16:22:30'),
	(1197,59,21,NULL,'',NULL,NULL,'2024-04-06 16:22:30','2024-04-06 16:22:30'),
	(1198,59,22,NULL,'',NULL,NULL,'2024-04-06 16:22:30','2024-04-06 16:22:30'),
	(1199,59,23,NULL,'',NULL,NULL,'2024-04-06 16:22:30','2024-04-06 16:22:30'),
	(1200,59,24,NULL,'',NULL,NULL,'2024-04-06 16:22:31','2024-04-06 16:22:31'),
	(1201,59,25,NULL,'',NULL,NULL,'2024-04-06 16:22:31','2024-04-06 16:22:31'),
	(1202,59,26,NULL,'',NULL,NULL,'2024-04-06 16:22:31','2024-04-06 16:22:31'),
	(1203,59,27,NULL,'',NULL,NULL,'2024-04-06 16:22:31','2024-04-06 16:22:31'),
	(1204,59,28,NULL,'',NULL,NULL,'2024-04-06 16:22:31','2024-04-06 16:22:31'),
	(1205,59,29,NULL,'',NULL,NULL,'2024-04-06 16:22:31','2024-04-06 16:22:31'),
	(1206,59,30,NULL,'',NULL,NULL,'2024-04-06 16:22:31','2024-04-06 16:22:31'),
	(1207,59,31,NULL,'',NULL,NULL,'2024-04-06 16:22:31','2024-04-06 16:22:31'),
	(1208,59,32,NULL,'',NULL,NULL,'2024-04-06 16:22:31','2024-04-06 16:22:31'),
	(1209,59,33,NULL,'',NULL,NULL,'2024-04-06 16:22:31','2024-04-06 16:22:31'),
	(1210,59,34,NULL,'',NULL,NULL,'2024-04-06 16:22:31','2024-04-06 16:22:31'),
	(1211,59,35,NULL,'',NULL,NULL,'2024-04-06 16:22:31','2024-04-06 16:22:31'),
	(1212,59,36,NULL,'',NULL,NULL,'2024-04-06 16:22:32','2024-04-06 16:22:32'),
	(1213,59,37,NULL,'',NULL,NULL,'2024-04-06 16:22:32','2024-04-06 16:22:32'),
	(1214,59,38,NULL,'',NULL,NULL,'2024-04-06 16:22:32','2024-04-06 16:22:32'),
	(1215,59,39,NULL,'',NULL,NULL,'2024-04-06 16:22:32','2024-04-06 16:22:32'),
	(1216,59,40,NULL,'',NULL,NULL,'2024-04-06 16:22:32','2024-04-06 16:22:32'),
	(1217,59,41,NULL,'',NULL,NULL,'2024-04-06 16:22:32','2024-04-06 16:22:32'),
	(1218,59,42,NULL,'',NULL,NULL,'2024-04-06 16:22:32','2024-04-06 16:22:32'),
	(1219,60,01,NULL,'',NULL,NULL,'2024-04-06 16:22:32','2024-04-06 16:22:32'),
	(1220,60,02,NULL,'',NULL,NULL,'2024-04-06 16:22:32','2024-04-06 16:22:32'),
	(1221,60,03,NULL,'',NULL,NULL,'2024-04-06 16:22:32','2024-04-06 16:22:32'),
	(1222,60,04,NULL,'',NULL,NULL,'2024-04-06 16:22:32','2024-04-06 16:22:32'),
	(1223,60,05,NULL,'',NULL,NULL,'2024-04-06 16:22:33','2024-04-06 16:22:33'),
	(1224,60,06,NULL,'',NULL,NULL,'2024-04-06 16:22:33','2024-04-06 16:22:33'),
	(1225,60,07,NULL,'',NULL,NULL,'2024-04-06 16:22:33','2024-04-06 16:22:33'),
	(1226,60,08,NULL,'',NULL,NULL,'2024-04-06 16:22:33','2024-04-06 16:22:33'),
	(1227,60,09,NULL,'',NULL,NULL,'2024-04-06 16:22:33','2024-04-06 16:22:33'),
	(1228,60,10,NULL,'',NULL,NULL,'2024-04-06 16:22:33','2024-04-06 16:22:33'),
	(1229,60,11,NULL,'',NULL,NULL,'2024-04-06 16:22:33','2024-04-06 16:22:33'),
	(1230,60,12,NULL,'',NULL,NULL,'2024-04-06 16:22:33','2024-04-06 16:22:33'),
	(1231,60,13,NULL,'',NULL,NULL,'2024-04-06 16:22:33','2024-04-06 16:22:33'),
	(1232,60,14,NULL,'',NULL,NULL,'2024-04-06 16:22:33','2024-04-06 16:22:33'),
	(1233,60,15,NULL,'',NULL,NULL,'2024-04-06 16:22:33','2024-04-06 16:22:33'),
	(1234,60,16,NULL,'',NULL,NULL,'2024-04-06 16:22:33','2024-04-06 16:22:33'),
	(1235,60,17,NULL,'',NULL,NULL,'2024-04-06 16:22:34','2024-04-06 16:22:34'),
	(1236,60,18,NULL,'',NULL,NULL,'2024-04-06 16:22:34','2024-04-06 16:22:34'),
	(1237,60,19,NULL,'',NULL,NULL,'2024-04-06 16:22:34','2024-04-06 16:22:34'),
	(1238,60,20,NULL,'',NULL,NULL,'2024-04-06 16:22:34','2024-04-06 16:22:34'),
	(1239,60,21,NULL,'',NULL,NULL,'2024-04-06 16:22:34','2024-04-06 16:22:34'),
	(1240,60,22,NULL,'',NULL,NULL,'2024-04-06 16:22:34','2024-04-06 16:22:34'),
	(1241,60,23,NULL,'',NULL,NULL,'2024-04-06 16:22:34','2024-04-06 16:22:34'),
	(1242,60,24,NULL,'',NULL,NULL,'2024-04-06 16:22:34','2024-04-06 16:22:34'),
	(1243,60,25,NULL,'',NULL,NULL,'2024-04-06 16:22:34','2024-04-06 16:22:34'),
	(1244,60,26,NULL,'',NULL,NULL,'2024-04-06 16:22:34','2024-04-06 16:22:34'),
	(1245,60,27,NULL,'',NULL,NULL,'2024-04-06 16:22:34','2024-04-06 16:22:34'),
	(1246,60,28,NULL,'',NULL,NULL,'2024-04-06 16:22:34','2024-04-06 16:22:34'),
	(1247,60,29,NULL,'',NULL,NULL,'2024-04-06 16:22:35','2024-04-06 16:22:35'),
	(1248,60,30,NULL,'',NULL,NULL,'2024-04-06 16:22:35','2024-04-06 16:22:35'),
	(1249,60,31,NULL,'',NULL,NULL,'2024-04-06 16:22:35','2024-04-06 16:22:35'),
	(1250,60,32,NULL,'',NULL,NULL,'2024-04-06 16:22:35','2024-04-06 16:22:35'),
	(1251,60,33,NULL,'',NULL,NULL,'2024-04-06 16:22:35','2024-04-06 16:22:35'),
	(1252,60,34,NULL,'',NULL,NULL,'2024-04-06 16:22:35','2024-04-06 16:22:35'),
	(1253,60,35,NULL,'',NULL,NULL,'2024-04-06 16:22:35','2024-04-06 16:22:35'),
	(1254,60,36,NULL,'',NULL,NULL,'2024-04-06 16:22:35','2024-04-06 16:22:35'),
	(1255,60,37,NULL,'',NULL,NULL,'2024-04-06 16:22:35','2024-04-06 16:22:35'),
	(1256,60,38,NULL,'',NULL,NULL,'2024-04-06 16:22:35','2024-04-06 16:22:35'),
	(1257,60,39,NULL,'',NULL,NULL,'2024-04-06 16:22:35','2024-04-06 16:22:35'),
	(1258,60,40,NULL,'',NULL,NULL,'2024-04-06 16:22:35','2024-04-06 16:22:35'),
	(1259,60,41,NULL,'',NULL,NULL,'2024-04-06 16:22:36','2024-04-06 16:22:36'),
	(1260,60,42,NULL,'',NULL,NULL,'2024-04-06 16:22:36','2024-04-06 16:22:36');

/*!40000 ALTER TABLE `racks` ENABLE KEYS */;
UNLOCK TABLES;


# Dump of table users
# ------------------------------------------------------------

DROP TABLE IF EXISTS `users`;

CREATE TABLE `users` (
  `id` bigint(20) unsigned NOT NULL AUTO_INCREMENT,
  `name` varchar(255) NOT NULL,
  `email` varchar(255) NOT NULL,
  `email_verified_at` timestamp NULL DEFAULT NULL,
  `password` varchar(255) NOT NULL,
  `remember_token` varchar(100) DEFAULT NULL,
  `created_at` timestamp NULL DEFAULT NULL,
  `updated_at` timestamp NULL DEFAULT NULL,
  PRIMARY KEY (`id`),
  UNIQUE KEY `users_email_unique` (`email`)
) ENGINE=InnoDB AUTO_INCREMENT=2 DEFAULT CHARSET=utf8mb4 COLLATE=utf8mb4_unicode_ci;

LOCK TABLES `users` WRITE;
/*!40000 ALTER TABLE `users` DISABLE KEYS */;

INSERT INTO `users` (`id`, `name`, `email`, `email_verified_at`, `password`, `remember_token`, `created_at`, `updated_at`)
VALUES
	(1,'evan','evan@evan.evan',NULL,'$2y$12$tyYSTJ6tSafQ4n2eghxkwOzq9lRCJMB50mni/hLHdQnxqhvszW3P.',NULL,'2024-03-13 14:14:29','2024-03-13 14:14:29');

/*!40000 ALTER TABLE `users` ENABLE KEYS */;
UNLOCK TABLES;



/*!40111 SET SQL_NOTES=@OLD_SQL_NOTES */;
/*!40101 SET SQL_MODE=@OLD_SQL_MODE */;
/*!40014 SET FOREIGN_KEY_CHECKS=@OLD_FOREIGN_KEY_CHECKS */;
/*!40101 SET CHARACTER_SET_CLIENT=@OLD_CHARACTER_SET_CLIENT */;
/*!40101 SET CHARACTER_SET_RESULTS=@OLD_CHARACTER_SET_RESULTS */;
/*!40101 SET COLLATION_CONNECTION=@OLD_COLLATION_CONNECTION */;
